GeoFips,GeoName,2018
1001,"Autauga, AL",76.4
1003,"Baldwin, AL",83.7
1005,"Barbour, AL",64.6
1007,"Bibb, AL",55.6
1009,"Blount, AL",64.2
1011,"Bullock, AL",52.9
1013,"Butler, AL",66.9
1015,"Calhoun, AL",68.2
1017,"Chambers, AL",62.2
1019,"Cherokee, AL",65.2
1021,"Chilton, AL",63.9
1023,"Choctaw, AL",72.1
1025,"Clarke, AL",66.8
1027,"Clay, AL",61.6
1029,"Cleburne, AL",66.4
1031,"Coffee, AL",79.1
1033,"Colbert, AL",70.5
1035,"Conecuh, AL",60
1037,"Coosa, AL",57.5
1039,"Covington, AL",65.5
1041,"Crenshaw, AL",67.3
1043,"Cullman, AL",72.7
1045,"Dale, AL",67.2
1047,"Dallas, AL",66.2
1049,"DeKalb, AL",58.6
1051,"Elmore, AL",77.6
1053,"Escambia, AL",60.6
1055,"Etowah, AL",67.8
1057,"Fayette, AL",64.2
1059,"Franklin, AL",63
1061,"Geneva, AL",64.6
1063,"Greene, AL",59.4
1065,"Hale, AL",67.2
1067,"Henry, AL",74.1
1069,"Houston, AL",77.9
1071,"Jackson, AL",67.2
1073,"Jefferson, AL",100.5
1075,"Lamar, AL",61.5
1077,"Lauderdale, AL",68.2
1079,"Lawrence, AL",62.7
1081,"Lee, AL",69.9
1083,"Limestone, AL",78.1
1085,"Lowndes, AL",71.6
1087,"Macon, AL",60.5
1089,"Madison, AL",94.5
1091,"Marengo, AL",73.1
1093,"Marion, AL",61.1
1095,"Marshall, AL",66.2
1097,"Mobile, AL",70.2
1099,"Monroe, AL",61.4
1101,"Montgomery, AL",80.2
1103,"Morgan, AL",73.5
1105,"Perry, AL",56.1
1107,"Pickens, AL",59.8
1109,"Pike, AL",68.6
1111,"Randolph, AL",59.5
1113,"Russell, AL",60.8
1115,"St. Clair, AL",70.8
1117,"Shelby, AL",99.9
1119,"Sumter, AL",58.2
1121,"Talladega, AL",63.8
1123,"Tallapoosa, AL",74.7
1125,"Tuscaloosa, AL",71.3
1127,"Walker, AL",73.8
1129,"Washington, AL",66.7
1131,"Wilcox, AL",59.2
1133,"Winston, AL",65.1
2010,"Aleutian Islands Census Area, AK*",(NA)
2013,"Aleutians East Borough, AK*",104.1
2016,"Aleutians West Census Area, AK*",99.9
2020,"Anchorage Municipality, AK",122.2
2050,"Bethel Census Area, AK*",79.9
2060,"Bristol Bay Borough, AK",263.7
2068,"Denali Borough, AK*",152.3
2070,"Dillingham Census Area, AK*",109.5
2090,"Fairbanks North Star Borough, AK",104
2100,"Haines Borough, AK",123.2
2105,"Hoonah-Angoon Census Area, AK*",113.4
2110,"Juneau City and Borough, AK",125.2
2122,"Kenai Peninsula Borough, AK",95.5
2130,"Ketchikan Gateway Borough, AK*",124.2
2150,"Kodiak Island Borough, AK",117.4
2158,"Kusilvak Census Area, AK*",55.3
2164,"Lake and Peninsula Borough, AK*",120.1
2170,"Matanuska-Susitna Borough, AK",84.3
2180,"Nome Census Area, AK*",94.4
2185,"North Slope Borough, AK",153.3
2188,"Northwest Arctic Borough, AK",87.9
2195,"Petersburg Borough, AK*",128.6
2198,"Prince of Wales-Hyder Census Area, AK*",80.3
2201,"Prince of Wales-Outer Ketchikan Census Area, AK*",(NA)
2220,"Sitka City and Borough, AK",132.2
2230,"Skagway Municipality, AK*",149.6
2231,"Skagway-Yakutat-Angoon Census Area, AK*",(NA)
2232,"Skagway-Hoonah-Angoon Census Area, AK*",(NA)
2240,"Southeast Fairbanks Census Area, AK*",90.7
2261,"Valdez-Cordova Census Area, AK*",114.4
2275,"Wrangell City and Borough, AK*",87.5
2280,"Wrangell-Petersburg Census Area, AK*",(NA)
2282,"Yakutat City and Borough, AK*",108.2
2290,"Yukon-Koyukuk Census Area, AK*",108.4
2901,"Aleutian Islands Division, AK*",(NA)
2903,"Angoon Division, AK*",(NA)
2904,"Barrow-North Slope Division, AK*",(NA)
2905,"Bethel Division, AK*",(NA)
2907,"Bristol Bay Division, AK*",(NA)
2908,"Cordova-McCarthy Division, AK*",(NA)
2910,"Haines Division, AK*",(NA)
2912,"Kenai-Cook Inlet Division, AK*",(NA)
2916,"Kuskokwim Division, AK*",(NA)
2919,"Outer Ketchikan Division, AK*",(NA)
2920,"Prince of Wales Division, AK*",(NA)
2921,"Seward Division, AK*",(NA)
2922,"Sitka Division, AK*",(NA)
2923,"Skagway-Yakutat Division, AK*",(NA)
2924,"Southeast Fairbanks Division, AK*",(NA)
2925,"Upper Yukon Division, AK*",(NA)
2926,"Valdez-Chitina-Whittier Division, AK*",(NA)
2928,"Wrangell-Petersburg Division, AK*",(NA)
2929,"Yukon-Koyukuk Division, AK*",(NA)
4001,"Apache, AZ",63.1
4003,"Cochise, AZ",74
4005,"Coconino, AZ",88.4
4007,"Gila, AZ",74
4009,"Graham, AZ",58
4011,"Greenlee, AZ",73.2
4012,"La Paz, AZ*",56.8
4013,"Maricopa, AZ",87.6
4015,"Mohave, AZ",60.9
4017,"Navajo, AZ",59.1
4019,"Pima, AZ",80.9
4021,"Pinal, AZ",56.3
4023,"Santa Cruz, AZ",71.7
4025,"Yavapai, AZ",74
4027,"Yuma, AZ*",65.5
5001,"Arkansas, AR",83.2
5003,"Ashley, AR",63.9
5005,"Baxter, AR",68.2
5007,"Benton, AR",163.3
5009,"Boone, AR",66.3
5011,"Bradley, AR",72.5
5013,"Calhoun, AR",63.2
5015,"Carroll, AR",61.9
5017,"Chicot, AR",66.7
5019,"Clark, AR",66.7
5021,"Clay, AR",62.7
5023,"Cleburne, AR",70.4
5025,"Cleveland, AR",74.1
5027,"Columbia, AR",71.2
5029,"Conway, AR",70.1
5031,"Craighead, AR",68.9
5033,"Crawford, AR",60.5
5035,"Crittenden, AR",67.9
5037,"Cross, AR",66
5039,"Dallas, AR",63.6
5041,"Desha, AR",69.5
5043,"Drew, AR",68.2
5045,"Faulkner, AR",69.1
5047,"Franklin, AR",63
5049,"Fulton, AR",53.3
5051,"Garland, AR",73.5
5053,"Grant, AR",70.2
5055,"Greene, AR",64.1
5057,"Hempstead, AR",59.7
5059,"Hot Spring, AR",56.2
5061,"Howard, AR",64.8
5063,"Independence, AR",64.4
5065,"Izard, AR",56.2
5067,"Jackson, AR",65.9
5069,"Jefferson, AR",64.9
5071,"Johnson, AR",53.2
5073,"Lafayette, AR",66.7
5075,"Lawrence, AR",64.5
5077,"Lee, AR",50.7
5079,"Lincoln, AR",49.6
5081,"Little River, AR",62.6
5083,"Logan, AR",63.3
5085,"Lonoke, AR",71.2
5087,"Madison, AR",65.2
5089,"Marion, AR",56.5
5091,"Miller, AR",61.3
5093,"Mississippi, AR",57.7
5095,"Monroe, AR",60
5097,"Montgomery, AR",56.6
5099,"Nevada, AR",62.8
5101,"Newton, AR",52.9
5103,"Ouachita, AR",67.8
5105,"Perry, AR",64.1
5107,"Phillips, AR",57.2
5109,"Pike, AR",60.8
5111,"Poinsett, AR",59.4
5113,"Polk, AR",56.5
5115,"Pope, AR",64.8
5117,"Prairie, AR",66
5119,"Pulaski, AR",94
5121,"Randolph, AR",61.5
5123,"St. Francis, AR",51.3
5125,"Saline, AR",76
5127,"Scott, AR",57.7
5129,"Searcy, AR",52.4
5131,"Sebastian, AR",77.3
5133,"Sevier, AR",57.7
5135,"Sharp, AR",58.8
5137,"Stone, AR",57.1
5139,"Union, AR",85.4
5141,"Van Buren, AR",57.3
5143,"Washington, AR",73.9
5145,"White, AR",65.1
5147,"Woodruff, AR",69
5149,"Yell, AR",61.2
6001,"Alameda, CA",140.8
6003,"Alpine, CA",134.6
6005,"Amador, CA",82.3
6007,"Butte, CA",81.4
6009,"Calaveras, CA",91.6
6011,"Colusa, CA",90.2
6013,"Contra Costa, CA",151.5
6015,"Del Norte, CA",68.4
6017,"El Dorado, CA",123.9
6019,"Fresno, CA",79.1
6021,"Glenn, CA",89.3
6023,"Humboldt, CA",89.5
6025,"Imperial, CA",67.9
6027,"Inyo, CA",112.7
6029,"Kern, CA",72.9
6031,"Kings, CA",64.8
6033,"Lake, CA",79.3
6035,"Lassen, CA",69.5
6037,"Los Angeles, CA",114.3
6039,"Madera, CA",73.3
6041,"Marin, CA",246.6
6043,"Mariposa, CA",97.6
6045,"Mendocino, CA",92.1
6047,"Merced, CA",70.7
6049,"Modoc, CA",82.3
6051,"Mono, CA",94.3
6053,"Monterey, CA",103.2
6055,"Napa, CA",137.7
6057,"Nevada, CA",113.5
6059,"Orange, CA",127.2
6061,"Placer, CA",122.5
6063,"Plumas, CA",98.4
6065,"Riverside, CA",74.6
6067,"Sacramento, CA",96.5
6069,"San Benito, CA",98.9
6071,"San Bernardino, CA",74
6073,"San Diego, CA",112.7
6075,"San Francisco, CA",240
6077,"San Joaquin, CA",82.6
6079,"San Luis Obispo, CA",107.4
6081,"San Mateo, CA",232.1
6083,"Santa Barbara, CA",115.1
6085,"Santa Clara, CA",198.1
6087,"Santa Cruz, CA",127.4
6089,"Shasta, CA",85.6
6091,"Sierra, CA",85.6
6093,"Siskiyou, CA",82.8
6095,"Solano, CA",94.9
6097,"Sonoma, CA",118.5
6099,"Stanislaus, CA",81
6101,"Sutter, CA",81.8
6103,"Tehama, CA",78
6105,"Trinity, CA",74.6
6107,"Tulare, CA",74.2
6109,"Tuolumne, CA",87.9
6111,"Ventura, CA",113.3
6113,"Yolo, CA",99.4
6115,"Yuba, CA",75.2
8001,"Adams, CO*",79.6
8003,"Alamosa, CO",68.6
8005,"Arapahoe, CO",110.5
8007,"Archuleta, CO",77
8009,"Baca, CO",75.2
8011,"Bent, CO",50.6
8013,"Boulder, CO*",134.8
8014,"Broomfield, CO*",122
8015,"Chaffee, CO",86.3
8017,"Cheyenne, CO",104.1
8019,"Clear Creek, CO",112.6
8021,"Conejos, CO",67.8
8023,"Costilla, CO",63
8025,"Crowley, CO",35.2
8027,"Custer, CO",76.6
8029,"Delta, CO",71.4
8031,"Denver, CO",146.7
8033,"Dolores, CO",64.2
8035,"Douglas, CO",135.3
8037,"Eagle, CO",143.5
8039,"Elbert, CO",105.3
8041,"El Paso, CO",89
8043,"Fremont, CO",65.1
8045,"Garfield, CO",109.6
8047,"Gilpin, CO",88.4
8049,"Grand, CO",91.5
8051,"Gunnison, CO",86.6
8053,"Hinsdale, CO",93.1
8055,"Huerfano, CO",78
8057,"Jackson, CO",91.3
8059,"Jefferson, CO*",116.7
8061,"Kiowa, CO",92
8063,"Kit Carson, CO",68.5
8065,"Lake, CO",68.2
8067,"La Plata, CO",102.5
8069,"Larimer, CO",99.5
8071,"Las Animas, CO",74.9
8073,"Lincoln, CO",52.9
8075,"Logan, CO",88.5
8077,"Mesa, CO",82.5
8079,"Mineral, CO",130.6
8081,"Moffat, CO",77.4
8083,"Montezuma, CO",79
8085,"Montrose, CO",73.3
8087,"Morgan, CO",83.9
8089,"Otero, CO",70.1
8091,"Ouray, CO",109.5
8093,"Park, CO",82.9
8095,"Phillips, CO",81.5
8097,"Pitkin, CO",274
8099,"Prowers, CO",77.6
8101,"Pueblo, CO",72.6
8103,"Rio Blanco, CO",86
8105,"Rio Grande, CO",85.8
8107,"Routt, CO",153.7
8109,"Saguache, CO",55.4
8111,"San Juan, CO",80.9
8113,"San Miguel, CO",156.9
8115,"Sedgwick, CO",90
8117,"Summit, CO",124.5
8119,"Teller, CO",90.4
8121,"Washington, CO",82.1
8123,"Weld, CO*",84.8
8125,"Yuma, CO",92.5
9001,"Fairfield, CT",221.6
9003,"Hartford, CT",119.1
9005,"Litchfield, CT",119.3
9007,"Middlesex, CT",126.1
9009,"New Haven, CT",104
9011,"New London, CT",108.8
9013,"Tolland, CT",104
9015,"Windham, CT",86.8
10001,"Kent, DE",77.2
10003,"New Castle, DE",104.2
10005,"Sussex, DE",92.4
11001,"District of Columbia, DC",150.6
12001,"Alachua, FL",81.5
12003,"Baker, FL",59.3
12005,"Bay, FL",79.4
12007,"Bradford, FL",61.6
12009,"Brevard, FL",83.4
12011,"Broward, FL",92.3
12013,"Calhoun, FL",49.4
12015,"Charlotte, FL",76.3
12017,"Citrus, FL",69.6
12019,"Clay, FL",78.8
12021,"Collier, FL",170.2
12023,"Columbia, FL",64.4
12027,"DeSoto, FL",43.4
12029,"Dixie, FL",51.3
12031,"Duval, FL",84.8
12033,"Escambia, FL",78.1
12035,"Flagler, FL",84.9
12037,"Franklin, FL",66.1
12039,"Gadsden, FL",64.5
12041,"Gilchrist, FL",62
12043,"Glades, FL",44.9
12045,"Gulf, FL",65.6
12047,"Hamilton, FL",47.8
12049,"Hardee, FL",52
12051,"Hendry, FL",57.1
12053,"Hernando, FL",67.7
12055,"Highlands, FL",61.4
12057,"Hillsborough, FL",86.3
12059,"Holmes, FL",56
12061,"Indian River, FL",139.7
12063,"Jackson, FL",59
12065,"Jefferson, FL",74.8
12067,"Lafayette, FL",44.4
12069,"Lake, FL",77.5
12071,"Lee, FL",94.2
12073,"Leon, FL",81.7
12075,"Levy, FL",64.7
12077,"Liberty, FL",43.3
12079,"Madison, FL",58.2
12081,"Manatee, FL",87
12083,"Marion, FL",68
12085,"Martin, FL",154
12086,"Miami-Dade, FL",91.9
12087,"Monroe, FL",169.2
12089,"Nassau, FL",106.3
12091,"Okaloosa, FL",89.8
12093,"Okeechobee, FL",56.3
12095,"Orange, FL",82
12097,"Osceola, FL",61.2
12099,"Palm Beach, FL",146.5
12101,"Pasco, FL",74
12103,"Pinellas, FL",98.2
12105,"Polk, FL",65.1
12107,"Putnam, FL",58.4
12109,"St. Johns, FL",125.2
12111,"St. Lucie, FL",72.3
12113,"Santa Rosa, FL",81.8
12115,"Sarasota, FL",119.1
12117,"Seminole, FL",90.1
12119,"Sumter, FL",84.7
12121,"Suwannee, FL",60.7
12123,"Taylor, FL",55.7
12125,"Union, FL",40.8
12127,"Volusia, FL",77.8
12129,"Wakulla, FL",68
12131,"Walton, FL",109.7
12133,"Washington, FL",54
13001,"Appling, GA",61.1
13003,"Atkinson, GA",56
13005,"Bacon, GA",60.8
13007,"Baker, GA",71
13009,"Baldwin, GA",61
13011,"Banks, GA",66.6
13013,"Barrow, GA",67.8
13015,"Bartow, GA",70.3
13017,"Ben Hill, GA",57.7
13019,"Berrien, GA",57.9
13021,"Bibb, GA",76.6
13023,"Bleckley, GA",61.8
13025,"Brantley, GA",50.3
13027,"Brooks, GA",64.2
13029,"Bryan, GA",96.3
13031,"Bulloch, GA",59.5
13033,"Burke, GA",65.2
13035,"Butts, GA",63
13037,"Calhoun, GA",45.3
13039,"Camden, GA",66.3
13043,"Candler, GA",57.6
13045,"Carroll, GA",70.8
13047,"Catoosa, GA",64.6
13049,"Charlton, GA",45.9
13051,"Chatham, GA",87.4
13053,"Chattahoochee, GA",57.1
13055,"Chattooga, GA",56.8
13057,"Cherokee, GA",93.9
13059,"Clarke, GA",62.4
13061,"Clay, GA",57.9
13063,"Clayton, GA",51.5
13065,"Clinch, GA",69
13067,"Cobb, GA",105
13069,"Coffee, GA",60
13071,"Colquitt, GA",59.7
13073,"Columbia, GA",90.9
13075,"Cook, GA",59.7
13077,"Coweta, GA",85.3
13079,"Crawford, GA",62.1
13081,"Crisp, GA",59.8
13083,"Dade, GA",65.5
13085,"Dawson, GA",83
13087,"Decatur, GA",66.4
13089,"DeKalb, GA",93.4
13091,"Dodge, GA",56.4
13093,"Dooly, GA",52
13095,"Dougherty, GA",63.8
13097,"Douglas, GA",64.7
13099,"Early, GA",71.5
13101,"Echols, GA",51.2
13103,"Effingham, GA",77
13105,"Elbert, GA",65.1
13107,"Emanuel, GA",59.1
13109,"Evans, GA",64.7
13111,"Fannin, GA",65.6
13113,"Fayette, GA",116.7
13115,"Floyd, GA",70.8
13117,"Forsyth, GA",114.9
13119,"Franklin, GA",67.4
13121,"Fulton, GA",155
13123,"Gilmer, GA",65.1
13125,"Glascock, GA",62.3
13127,"Glynn, GA",84.6
13129,"Gordon, GA",67.9
13131,"Grady, GA",64.1
13133,"Greene, GA",101.7
13135,"Gwinnett, GA",76.1
13137,"Habersham, GA",62.3
13139,"Hall, GA",80.3
13141,"Hancock, GA",54.9
13143,"Haralson, GA",67.1
13145,"Harris, GA",87.2
13147,"Hart, GA",70
13149,"Heard, GA",57.2
13151,"Henry, GA",72
13153,"Houston, GA",78.3
13155,"Irwin, GA",60.3
13157,"Jackson, GA",77.5
13159,"Jasper, GA",74.6
13161,"Jeff Davis, GA",55
13163,"Jefferson, GA",62.5
13165,"Jenkins, GA",53.7
13167,"Johnson, GA",48.1
13169,"Jones, GA",69.1
13171,"Lamar, GA",60.8
13173,"Lanier, GA",50.6
13175,"Laurens, GA",68.6
13177,"Lee, GA",86.8
13179,"Liberty, GA",65.8
13181,"Lincoln, GA",68.6
13183,"Long, GA",49.7
13185,"Lowndes, GA",68.8
13187,"Lumpkin, GA",68.7
13189,"McDuffie, GA",67.9
13191,"McIntosh, GA",54.2
13193,"Macon, GA",57
13195,"Madison, GA",67.1
13197,"Marion, GA",53.9
13199,"Meriwether, GA",64
13201,"Miller, GA",75
13205,"Mitchell, GA",64.4
13207,"Monroe, GA",82.3
13209,"Montgomery, GA",54
13211,"Morgan, GA",92.8
13213,"Murray, GA",55
13215,"Muscogee, GA",81.1
13217,"Newton, GA",62
13219,"Oconee, GA",122.6
13221,"Oglethorpe, GA",69.3
13223,"Paulding, GA",69.3
13225,"Peach, GA",69.9
13227,"Pickens, GA",88
13229,"Pierce, GA",66.2
13231,"Pike, GA",73.2
13233,"Polk, GA",59.4
13235,"Pulaski, GA",55.8
13237,"Putnam, GA",76.8
13239,"Quitman, GA",56.8
13241,"Rabun, GA",75.5
13243,"Randolph, GA",61
13245,"Richmond, GA",70.2
13247,"Rockdale, GA",64.7
13249,"Schley, GA",56.8
13251,"Screven, GA",64.3
13253,"Seminole, GA",73.9
13255,"Spalding, GA",63.9
13257,"Stephens, GA",71.5
13259,"Stewart, GA",41.8
13261,"Sumter, GA",65.8
13263,"Talbot, GA",63.4
13265,"Taliaferro, GA",62.3
13267,"Tattnall, GA",52.2
13269,"Taylor, GA",55.4
13271,"Telfair, GA",38.4
13273,"Terrell, GA",74.1
13275,"Thomas, GA",81.5
13277,"Tift, GA",69.4
13279,"Toombs, GA",65.2
13281,"Towns, GA",69.5
13283,"Treutlen, GA",55.3
13285,"Troup, GA",67
13287,"Turner, GA",63.2
13289,"Twiggs, GA",72.6
13291,"Union, GA",67.2
13293,"Upson, GA",64.5
13295,"Walker, GA",60.3
13297,"Walton, GA",74.3
13299,"Ware, GA",62.3
13301,"Warren, GA",63.5
13303,"Washington, GA",64.8
13305,"Wayne, GA",58.7
13307,"Webster, GA",60.8
13309,"Wheeler, GA",36.1
13311,"White, GA",64.2
13313,"Whitfield, GA",71.2
13315,"Wilcox, GA",49.1
13317,"Wilkes, GA",72.5
13319,"Wilkinson, GA",64.7
13321,"Worth, GA",63.1
15001,"Hawaii, HI",78
15003,"Honolulu, HI",109.5
15007,"Kauai, HI",90.8
15901,"Maui + Kalawao, HI*",90.1
16001,"Ada, ID",97.3
16003,"Adams, ID",68.8
16005,"Bannock, ID",70.1
16007,"Bear Lake, ID",70.7
16009,"Benewah, ID",68.7
16011,"Bingham, ID",66.7
16013,"Blaine, ID",209
16015,"Boise, ID",79.7
16017,"Bonner, ID",75.7
16019,"Bonneville, ID",88.7
16021,"Boundary, ID",67.8
16023,"Butte, ID",71.6
16025,"Camas, ID",70.9
16027,"Canyon, ID",60
16029,"Caribou, ID",71.9
16031,"Cassia, ID",83.1
16033,"Clark, ID",72.4
16035,"Clearwater, ID",63.4
16037,"Custer, ID",79.3
16039,"Elmore, ID",67.7
16041,"Franklin, ID",66.2
16043,"Fremont (includes Yellowstone Park), ID",67.8
16045,"Gem, ID",69.4
16047,"Gooding, ID",97.1
16049,"Idaho, ID",64.5
16051,"Jefferson, ID",64.1
16053,"Jerome, ID",70.1
16055,"Kootenai, ID",82.6
16057,"Latah, ID",75.9
16059,"Lemhi, ID",76.3
16061,"Lewis, ID",86.8
16063,"Lincoln, ID",64
16065,"Madison, ID",48.5
16067,"Minidoka, ID",70.1
16069,"Nez Perce, ID",81.5
16071,"Oneida, ID",64.7
16073,"Owyhee, ID",61.3
16075,"Payette, ID",71.5
16077,"Power, ID",67.3
16079,"Shoshone, ID",65.3
16081,"Teton, ID",73.2
16083,"Twin Falls, ID",72.8
16085,"Valley, ID",91.2
16087,"Washington, ID",66.5
17001,"Adams, IL",86.1
17003,"Alexander, IL",63.8
17005,"Bond, IL",69.2
17007,"Boone, IL",87.1
17009,"Brown, IL",64.6
17011,"Bureau, IL",80.7
17013,"Calhoun, IL",78.1
17015,"Carroll, IL",77.9
17017,"Cass, IL",78.3
17019,"Champaign, IL",83.3
17021,"Christian, IL",76.6
17023,"Clark, IL",79
17025,"Clay, IL",74.1
17027,"Clinton, IL",88.6
17029,"Coles, IL",75.3
17031,"Cook, IL",114.3
17033,"Crawford, IL",88.8
17035,"Cumberland, IL",80.4
17037,"DeKalb, IL",75.2
17039,"De Witt, IL",86.7
17041,"Douglas, IL",94.7
17043,"DuPage, IL",133.9
17045,"Edgar, IL",77.5
17047,"Edwards, IL",74.1
17049,"Effingham, IL",92.9
17051,"Fayette, IL",65.1
17053,"Ford, IL",97.1
17055,"Franklin, IL",68.6
17057,"Fulton, IL",70.5
17059,"Gallatin, IL",81.9
17061,"Greene, IL",67.8
17063,"Grundy, IL",94.9
17065,"Hamilton, IL",79.6
17067,"Hancock, IL",84.6
17069,"Hardin, IL",68.2
17071,"Henderson, IL",77.1
17073,"Henry, IL",82.8
17075,"Iroquois, IL",79.5
17077,"Jackson, IL",68.5
17079,"Jasper, IL",84.4
17081,"Jefferson, IL",72.7
17083,"Jersey, IL",76.3
17085,"Jo Daviess, IL",90.1
17087,"Johnson, IL",66
17089,"Kane, IL",94.3
17091,"Kankakee, IL",75.8
17093,"Kendall, IL",90.1
17095,"Knox, IL",72.5
17097,"Lake, IL",144.3
17099,"LaSalle, IL",82
17101,"Lawrence, IL",54.9
17103,"Lee, IL",76.8
17105,"Livingston, IL",82.2
17107,"Logan, IL",70.4
17109,"McDonough, IL",71.1
17111,"McHenry, IL",102.3
17113,"McLean, IL",90.3
17115,"Macon, IL",88.6
17117,"Macoupin, IL",76.4
17119,"Madison, IL",86.1
17121,"Marion, IL",79.1
17123,"Marshall, IL",84.5
17125,"Mason, IL",78.1
17127,"Massac, IL",70.5
17129,"Menard, IL",86.8
17131,"Mercer, IL",82.7
17133,"Monroe, IL",107.8
17135,"Montgomery, IL",69.3
17137,"Morgan, IL",76
17139,"Moultrie, IL",115.2
17141,"Ogle, IL",85.9
17143,"Peoria, IL",93.9
17145,"Perry, IL",70.5
17147,"Piatt, IL",99.7
17149,"Pike, IL",78.6
17151,"Pope, IL",55.7
17153,"Pulaski, IL",66.4
17155,"Putnam, IL",108.1
17157,"Randolph, IL",67.8
17159,"Richland, IL",78.2
17161,"Rock Island, IL",82.3
17163,"St. Clair, IL",82.8
17165,"Saline, IL",72.9
17167,"Sangamon, IL",89.8
17169,"Schuyler, IL",81.2
17171,"Scott, IL",78.5
17173,"Shelby, IL",76.2
17175,"Stark, IL",78.8
17177,"Stephenson, IL",78.5
17179,"Tazewell, IL",87.9
17181,"Union, IL",78.5
17183,"Vermilion, IL",72.5
17185,"Wabash, IL",80
17187,"Warren, IL",75.8
17189,"Washington, IL",93.9
17191,"Wayne, IL",75.6
17193,"White, IL",91.1
17195,"Whiteside, IL",80.8
17197,"Will, IL",97.3
17199,"Williamson, IL",81.7
17201,"Winnebago, IL",80.3
17203,"Woodford, IL",97.2
18001,"Adams, IN",71.9
18003,"Allen, IN",85
18005,"Bartholomew, IN",91.7
18007,"Benton, IN",78.6
18009,"Blackford, IN",69.2
18011,"Boone, IN",135.1
18013,"Brown, IN",85.9
18015,"Carroll, IN",81.2
18017,"Cass, IN",71.2
18019,"Clark, IN",80.4
18021,"Clay, IN",70.9
18023,"Clinton, IN",71.9
18025,"Crawford, IN",61.5
18027,"Daviess, IN",77.3
18029,"Dearborn, IN",87.2
18031,"Decatur, IN",78.5
18033,"DeKalb, IN",80.9
18035,"Delaware, IN",68.3
18037,"Dubois, IN",103.8
18039,"Elkhart, IN",86
18041,"Fayette, IN",75.2
18043,"Floyd, IN",101.9
18045,"Fountain, IN",75.3
18047,"Franklin, IN",85.6
18049,"Fulton, IN",76.1
18051,"Gibson, IN",83.4
18053,"Grant, IN",74.3
18055,"Greene, IN",73.2
18057,"Hamilton, IN",137.2
18059,"Hancock, IN",92.6
18061,"Harrison, IN",76.9
18063,"Hendricks, IN",91.2
18065,"Henry, IN",70.4
18067,"Howard, IN",76.9
18069,"Huntington, IN",77.7
18071,"Jackson, IN",78.5
18073,"Jasper, IN",79.5
18075,"Jay, IN",72.2
18077,"Jefferson, IN",77.1
18079,"Jennings, IN",71.6
18081,"Johnson, IN",88.8
18083,"Knox, IN",82
18085,"Kosciusko, IN",87.8
18087,"Lagrange, IN",77.4
18089,"Lake, IN",83
18091,"LaPorte, IN",78.1
18093,"Lawrence, IN",74.6
18095,"Madison, IN",70.1
18097,"Marion, IN",95.4
18099,"Marshall, IN",75.9
18101,"Martin, IN",73.4
18103,"Miami, IN",64.4
18105,"Monroe, IN",77.5
18107,"Montgomery, IN",73.6
18109,"Morgan, IN",81.2
18111,"Newton, IN",73.1
18113,"Noble, IN",73.1
18115,"Ohio, IN",74.8
18117,"Orange, IN",70
18119,"Owen, IN",73.6
18121,"Parke, IN",66.8
18123,"Perry, IN",69.5
18125,"Pike, IN",74.8
18127,"Porter, IN",97.6
18129,"Posey, IN",88.5
18131,"Pulaski, IN",79.9
18133,"Putnam, IN",68.8
18135,"Randolph, IN",70.7
18137,"Ripley, IN",76.8
18139,"Rush, IN",86.2
18141,"St. Joseph, IN",87.6
18143,"Scott, IN",68.8
18145,"Shelby, IN",80.5
18147,"Spencer, IN",80.8
18149,"Starke, IN",64.9
18151,"Steuben, IN",79.4
18153,"Sullivan, IN",64.6
18155,"Switzerland, IN",56.6
18157,"Tippecanoe, IN",71.9
18159,"Tipton, IN",85.6
18161,"Union, IN",71.6
18163,"Vanderburgh, IN",84.3
18165,"Vermillion, IN",72.4
18167,"Vigo, IN",71.6
18169,"Wabash, IN",80.5
18171,"Warren, IN",83.4
18173,"Warrick, IN",103.7
18175,"Washington, IN",70
18177,"Wayne, IN",76.2
18179,"Wells, IN",78.5
18181,"White, IN",80.5
18183,"Whitley, IN",81.8
19001,"Adair, IA",95.5
19003,"Adams, IA",121.8
19005,"Allamakee, IA",84
19007,"Appanoose, IA",70.7
19009,"Audubon, IA",88.7
19011,"Benton, IA",99.2
19013,"Black Hawk, IA",82.2
19015,"Boone, IA",91.1
19017,"Bremer, IA",90.7
19019,"Buchanan, IA",85.4
19021,"Buena Vista, IA",91.8
19023,"Butler, IA",91.6
19025,"Calhoun, IA",94.1
19027,"Carroll, IA",100
19029,"Cass, IA",88.8
19031,"Cedar, IA",98
19033,"Cerro Gordo, IA",98
19035,"Cherokee, IA",115.4
19037,"Chickasaw, IA",107.2
19039,"Clarke, IA",80.6
19041,"Clay, IA",95.3
19043,"Clayton, IA",92.5
19045,"Clinton, IA",81.3
19047,"Crawford, IA",76.7
19049,"Dallas, IA",121.5
19051,"Davis, IA",67.8
19053,"Decatur, IA",66
19055,"Delaware, IA",95.5
19057,"Des Moines, IA",92.8
19059,"Dickinson, IA",107.6
19061,"Dubuque, IA",90.2
19063,"Emmet, IA",79.9
19065,"Fayette, IA",81.3
19067,"Floyd, IA",85.5
19069,"Franklin, IA",95.5
19071,"Fremont, IA",83.4
19073,"Greene, IA",88.8
19075,"Grundy, IA",97.8
19077,"Guthrie, IA",96.8
19079,"Hamilton, IA",97.5
19081,"Hancock, IA",100.6
19083,"Hardin, IA",96.8
19085,"Harrison, IA",82.5
19087,"Henry, IA",79.4
19089,"Howard, IA",88.6
19091,"Humboldt, IA",92.2
19093,"Ida, IA",96.9
19095,"Iowa, IA",101.4
19097,"Jackson, IA",83
19099,"Jasper, IA",80
19101,"Jefferson, IA",77.7
19103,"Johnson, IA",96.7
19105,"Jones, IA",80.2
19107,"Keokuk, IA",81.7
19109,"Kossuth, IA",97.3
19111,"Lee, IA",77.5
19113,"Linn, IA",96.9
19115,"Louisa, IA",75.4
19117,"Lucas, IA",77.4
19119,"Lyon, IA",111.8
19121,"Madison, IA",90.9
19123,"Mahaska, IA",80.7
19125,"Marion, IA",89.9
19127,"Marshall, IA",80.2
19129,"Mills, IA",104
19131,"Mitchell, IA",116.3
19133,"Monona, IA",88.4
19135,"Monroe, IA",80.5
19137,"Montgomery, IA",77.7
19139,"Muscatine, IA",87.3
19141,"O'Brien, IA",109.9
19143,"Osceola, IA",105
19145,"Page, IA",76.5
19147,"Palo Alto, IA",97.4
19149,"Plymouth, IA",105.8
19151,"Pocahontas, IA",96.8
19153,"Polk, IA",97.7
19155,"Pottawattamie, IA",83.8
19157,"Poweshiek, IA",86.2
19159,"Ringgold, IA",84
19161,"Sac, IA",104.6
19163,"Scott, IA",99.8
19165,"Shelby, IA",93.4
19167,"Sioux, IA",102.9
19169,"Story, IA",76.9
19171,"Tama, IA",85.4
19173,"Taylor, IA",76.4
19175,"Union, IA",74.4
19177,"Van Buren, IA",76
19179,"Wapello, IA",71.6
19181,"Warren, IA",93.1
19183,"Washington, IA",105.5
19185,"Wayne, IA",80.8
19187,"Webster, IA",83.6
19189,"Winnebago, IA",81.8
19191,"Winneshiek, IA",92.2
19193,"Woodbury, IA",80.8
19195,"Worth, IA",77.7
19197,"Wright, IA",103.7
20001,"Allen, KS",73.9
20003,"Anderson, KS",70.8
20005,"Atchison, KS",68.8
20007,"Barber, KS",78.1
20009,"Barton, KS",88.2
20011,"Bourbon, KS",78.4
20013,"Brown, KS",79
20015,"Butler, KS",84.8
20017,"Chase, KS",85.2
20019,"Chautauqua, KS",74.7
20021,"Cherokee, KS",72.8
20023,"Cheyenne, KS",86.8
20025,"Clark, KS",115.1
20027,"Clay, KS",77.3
20029,"Cloud, KS",70.1
20031,"Coffey, KS",99.3
20033,"Comanche, KS",84.4
20035,"Cowley, KS",71.1
20037,"Crawford, KS",69.6
20039,"Decatur, KS",85.6
20041,"Dickinson, KS",74.5
20043,"Doniphan, KS",68.7
20045,"Douglas, KS",80.2
20047,"Edwards, KS",95.8
20049,"Elk, KS",75.1
20051,"Ellis, KS",85.3
20053,"Ellsworth, KS",79.6
20055,"Finney, KS",79.3
20057,"Ford, KS",71.6
20059,"Franklin, KS",77.8
20061,"Geary, KS",89.8
20063,"Gove, KS",107.5
20065,"Graham, KS",91.1
20067,"Grant, KS",85.6
20069,"Gray, KS",122
20071,"Greeley, KS",108.7
20073,"Greenwood, KS",78.4
20075,"Hamilton, KS",117.2
20077,"Harper, KS",86.4
20079,"Harvey, KS",77.2
20081,"Haskell, KS",96.9
20083,"Hodgeman, KS",90.3
20085,"Jackson, KS",76.6
20087,"Jefferson, KS",81.7
20089,"Jewell, KS",88.9
20091,"Johnson, KS",135.9
20093,"Kearny, KS",103.7
20095,"Kingman, KS",78.2
20097,"Kiowa, KS",81.3
20099,"Labette, KS",77.4
20101,"Lane, KS",172
20103,"Leavenworth, KS",78.7
20105,"Lincoln, KS",76.4
20107,"Linn, KS",68.4
20109,"Logan, KS",87.9
20111,"Lyon, KS",70.3
20113,"McPherson, KS",93.7
20115,"Marion, KS",76.1
20117,"Marshall, KS",84.1
20119,"Meade, KS",118
20121,"Miami, KS",89.5
20123,"Mitchell, KS",100.5
20125,"Montgomery, KS",69
20127,"Morris, KS",77.9
20129,"Morton, KS",80.2
20131,"Nemaha, KS",99.4
20133,"Neosho, KS",72.5
20135,"Ness, KS",105.3
20137,"Norton, KS",77.3
20139,"Osage, KS",73.7
20141,"Osborne, KS",84.5
20143,"Ottawa, KS",75.7
20145,"Pawnee, KS",72
20147,"Phillips, KS",94.3
20149,"Pottawatomie, KS",96.5
20151,"Pratt, KS",86.9
20153,"Rawlins, KS",102.5
20155,"Reno, KS",75.5
20157,"Republic, KS",81.3
20159,"Rice, KS",78.6
20161,"Riley, KS",78.2
20163,"Rooks, KS",77.8
20165,"Rush, KS",81.4
20167,"Russell, KS",81.6
20169,"Saline, KS",91.8
20171,"Scott, KS",127.2
20173,"Sedgwick, KS",98.8
20175,"Seward, KS",70.9
20177,"Shawnee, KS",86.1
20179,"Sheridan, KS",93.1
20181,"Sherman, KS",82.9
20183,"Smith, KS",83.5
20185,"Stafford, KS",81.8
20187,"Stanton, KS",117.4
20189,"Stevens, KS",71.6
20191,"Sumner, KS",73.5
20193,"Thomas, KS",83.9
20195,"Trego, KS",93.5
20197,"Wabaunsee, KS",92.8
20199,"Wallace, KS",104.6
20201,"Washington, KS",83
20203,"Wichita, KS",128.8
20205,"Wilson, KS",79.8
20207,"Woodson, KS",65.3
20209,"Wyandotte, KS",61.2
21001,"Adair, KY",57.5
21003,"Allen, KY",60
21005,"Anderson, KY",72.2
21007,"Ballard, KY",69.7
21009,"Barren, KY",67.3
21011,"Bath, KY",56
21013,"Bell, KY",54.4
21015,"Boone, KY",88.2
21017,"Bourbon, KY",81.5
21019,"Boyd, KY",73
21021,"Boyle, KY",69.4
21023,"Bracken, KY",67.5
21025,"Breathitt, KY",62
21027,"Breckinridge, KY",63.3
21029,"Bullitt, KY",75.2
21031,"Butler, KY",63.2
21033,"Caldwell, KY",64.4
21035,"Calloway, KY",65.6
21037,"Campbell, KY",90
21039,"Carlisle, KY",80.6
21041,"Carroll, KY",66.8
21043,"Carter, KY",56.7
21045,"Casey, KY",57.3
21047,"Christian, KY",69.3
21049,"Clark, KY",73.2
21051,"Clay, KY",56.1
21053,"Clinton, KY",57.5
21055,"Crittenden, KY",64.9
21057,"Cumberland, KY",65.3
21059,"Daviess, KY",76.7
21061,"Edmonson, KY",59.2
21063,"Elliott, KY",41.3
21065,"Estill, KY",58
21067,"Fayette, KY",92.2
21069,"Fleming, KY",61.6
21071,"Floyd, KY",67.9
21073,"Franklin, KY",76.7
21075,"Fulton, KY",61.9
21077,"Gallatin, KY",58.9
21079,"Garrard, KY",63.1
21081,"Grant, KY",66.3
21083,"Graves, KY",70
21085,"Grayson, KY",61.7
21087,"Green, KY",63.5
21089,"Greenup, KY",75.2
21091,"Hancock, KY",67.8
21093,"Hardin, KY",79.8
21095,"Harlan, KY",56.7
21097,"Harrison, KY",64.1
21099,"Hart, KY",59
21101,"Henderson, KY",73.3
21103,"Henry, KY",69.8
21105,"Hickman, KY",82.5
21107,"Hopkins, KY",72.1
21109,"Jackson, KY",52.1
21111,"Jefferson, KY",95.4
21113,"Jessamine, KY",79.8
21115,"Johnson, KY",60.6
21117,"Kenton, KY",106.5
21119,"Knott, KY",55.3
21121,"Knox, KY",54.1
21123,"Larue, KY",67.1
21125,"Laurel, KY",62.3
21127,"Lawrence, KY",58.1
21129,"Lee, KY",55.4
21131,"Leslie, KY",60.1
21133,"Letcher, KY",56.7
21135,"Lewis, KY",57.2
21137,"Lincoln, KY",57.7
21139,"Livingston, KY",69.4
21141,"Logan, KY",66.1
21143,"Lyon, KY",67.3
21145,"McCracken, KY",88.9
21147,"McCreary, KY",47.5
21149,"McLean, KY",76.4
21151,"Madison, KY",65
21153,"Magoffin, KY",56.1
21155,"Marion, KY",66.3
21157,"Marshall, KY",76.5
21159,"Martin, KY",54.8
21161,"Mason, KY",74.5
21163,"Meade, KY",73.5
21165,"Menifee, KY",55.7
21167,"Mercer, KY",68.2
21169,"Metcalfe, KY",57.9
21171,"Monroe, KY",66.8
21173,"Montgomery, KY",63.8
21175,"Morgan, KY",49.3
21177,"Muhlenberg, KY",62.2
21179,"Nelson, KY",78
21181,"Nicholas, KY",62.4
21183,"Ohio, KY",61.1
21185,"Oldham, KY",115.8
21187,"Owen, KY",62.3
21189,"Owsley, KY",57.8
21191,"Pendleton, KY",80.4
21193,"Perry, KY",70.8
21195,"Pike, KY",66.7
21197,"Powell, KY",57.9
21199,"Pulaski, KY",68
21201,"Robertson, KY",60.3
21203,"Rockcastle, KY",57.3
21205,"Rowan, KY",56.5
21207,"Russell, KY",63.1
21209,"Scott, KY",79.7
21211,"Shelby, KY",83.4
21213,"Simpson, KY",70.1
21215,"Spencer, KY",80.7
21217,"Taylor, KY",64.3
21219,"Todd, KY",70.7
21221,"Trigg, KY",67
21223,"Trimble, KY",67.2
21225,"Union, KY",62
21227,"Warren, KY",69.9
21229,"Washington, KY",69.5
21231,"Wayne, KY",52.3
21233,"Webster, KY",72
21235,"Whitley, KY",61.4
21237,"Wolfe, KY",57.1
21239,"Woodford, KY",95.1
22001,"Acadia, LA",68.5
22003,"Allen, LA",61.3
22005,"Ascension, LA",91.5
22007,"Assumption, LA",85.9
22009,"Avoyelles, LA",69.6
22011,"Beauregard, LA",78.6
22013,"Bienville, LA",70.7
22015,"Bossier, LA",81.1
22017,"Caddo, LA",88.9
22019,"Calcasieu, LA",89.9
22021,"Caldwell, LA",62.4
22023,"Cameron, LA",92.3
22025,"Catahoula, LA",61.8
22027,"Claiborne, LA",64.7
22029,"Concordia, LA",60.5
22031,"De Soto, LA",74.5
22033,"East Baton Rouge, LA",94.4
22035,"East Carroll, LA",66.1
22037,"East Feliciana, LA",78.6
22039,"Evangeline, LA",61.8
22041,"Franklin, LA",58.6
22043,"Grant, LA",58.5
22045,"Iberia, LA",72.1
22047,"Iberville, LA",76.1
22049,"Jackson, LA",62.7
22051,"Jefferson, LA",93.7
22053,"Jefferson Davis, LA",77.8
22055,"Lafayette, LA",92.3
22057,"Lafourche, LA",86.5
22059,"LaSalle, LA",59.5
22061,"Lincoln, LA",74.2
22063,"Livingston, LA",74.7
22065,"Madison, LA",59.6
22067,"Morehouse, LA",70.7
22069,"Natchitoches, LA",73.2
22071,"Orleans, LA",95.5
22073,"Ouachita, LA",75.4
22075,"Plaquemines, LA",90.7
22077,"Pointe Coupee, LA",81.5
22079,"Rapides, LA",84.7
22081,"Red River, LA",77.5
22083,"Richland, LA",68.6
22085,"Sabine, LA",63.5
22087,"St. Bernard, LA",59
22089,"St. Charles, LA",90.6
22091,"St. Helena, LA",76.4
22093,"St. James, LA",89
22095,"St. John the Baptist, LA",74.5
22097,"St. Landry, LA",75.7
22099,"St. Martin, LA",69.1
22101,"St. Mary, LA",72.1
22103,"St. Tammany, LA",114.5
22105,"Tangipahoa, LA",71.6
22107,"Tensas, LA",67.3
22109,"Terrebonne, LA",76.2
22111,"Union, LA",71.3
22113,"Vermilion, LA",71.7
22115,"Vernon, LA",74.8
22117,"Washington, LA",61.5
22119,"Webster, LA",73.8
22121,"West Baton Rouge, LA",86.3
22123,"West Carroll, LA",67.3
22125,"West Feliciana, LA",71
22127,"Winn, LA",67.4
23001,"Androscoggin, ME",76.3
23003,"Aroostook, ME",75.7
23005,"Cumberland, ME",114.8
23007,"Franklin, ME",70.8
23009,"Hancock, ME",94.1
23011,"Kennebec, ME",82.5
23013,"Knox, ME",96.2
23015,"Lincoln, ME",93.5
23017,"Oxford, ME",69.8
23019,"Penobscot, ME",77.2
23021,"Piscataquis, ME",70.6
23023,"Sagadahoc, ME",94.3
23025,"Somerset, ME",70.1
23027,"Waldo, ME",75.1
23029,"Washington, ME",74.2
23031,"York, ME",95.6
24001,"Allegany, MD",74.4
24003,"Anne Arundel, MD",123.7
24005,"Baltimore, MD",113.1
24009,"Calvert, MD",115
24011,"Caroline, MD",84.3
24013,"Carroll, MD",115.8
24015,"Cecil, MD",87.6
24017,"Charles, MD",104.8
24019,"Dorchester, MD",85.5
24021,"Frederick, MD",113.6
24023,"Garrett, MD",83.7
24025,"Harford, MD",108.1
24027,"Howard, MD",144
24029,"Kent, MD",113
24031,"Montgomery, MD",164.7
24033,"Prince George's, MD",90.8
24035,"Queen Anne's, MD",119
24037,"St. Mary's, MD",104.4
24039,"Somerset, MD",58
24041,"Talbot, MD",134.5
24043,"Washington, MD",86.5
24045,"Wicomico, MD",77.2
24047,"Worcester, MD",110.2
24510,"Baltimore (Independent City), MD",94.3
25001,"Barnstable, MA",137.3
25003,"Berkshire, MA",103.8
25005,"Bristol, MA",99.3
25007,"Dukes, MA",172.1
25009,"Essex, MA",124
25011,"Franklin, MA",100.4
25013,"Hampden, MA",94
25015,"Hampshire, MA",97.3
25017,"Middlesex, MA",153.9
25019,"Nantucket, MA",228.1
25021,"Norfolk, MA",169.5
25023,"Plymouth, MA",124
25025,"Suffolk, MA",149.1
25027,"Worcester, MA",104.7
26001,"Alcona, MI",70.5
26003,"Alger, MI",62
26005,"Allegan, MI",83
26007,"Alpena, MI",75.3
26009,"Antrim, MI",86.5
26011,"Arenac, MI",68.6
26013,"Baraga, MI",61.6
26015,"Barry, MI",82.5
26017,"Bay, MI",76.6
26019,"Benzie, MI",80
26021,"Berrien, MI",87.1
26023,"Branch, MI",69.1
26025,"Calhoun, MI",74
26027,"Cass, MI",82.6
26029,"Charlevoix, MI",97.1
26031,"Cheboygan, MI",73.6
26033,"Chippewa, MI",62.9
26035,"Clare, MI",62.7
26037,"Clinton, MI",85.4
26039,"Crawford, MI",63.6
26041,"Delta, MI",74.5
26043,"Dickinson, MI",90.7
26045,"Eaton, MI",78.4
26047,"Emmet, MI",104.9
26049,"Genesee, MI",75.4
26051,"Gladwin, MI",67.7
26053,"Gogebic, MI",73.4
26055,"Grand Traverse, MI",93
26057,"Gratiot, MI",69.5
26059,"Hillsdale, MI",67.2
26061,"Houghton, MI",69.2
26063,"Huron, MI",83.4
26065,"Ingham, MI",74.9
26067,"Ionia, MI",64.8
26069,"Iosco, MI",69.7
26071,"Iron, MI",82.6
26073,"Isabella, MI",65.2
26075,"Jackson, MI",73.2
26077,"Kalamazoo, MI",89.5
26079,"Kalkaska, MI",63.6
26081,"Kent, MI",99.1
26083,"Keweenaw, MI",87.5
26085,"Lake, MI",58.4
26087,"Lapeer, MI",80.2
26089,"Leelanau, MI",123.6
26091,"Lenawee, MI",72.7
26093,"Livingston, MI",107.1
26095,"Luce, MI",58.5
26097,"Mackinac, MI",81.7
26099,"Macomb, MI",85.5
26101,"Manistee, MI",71.3
26103,"Marquette, MI",73.5
26105,"Mason, MI",76.5
26107,"Mecosta, MI",62.9
26109,"Menominee, MI",80.1
26111,"Midland, MI",111.1
26113,"Missaukee, MI",64.2
26115,"Monroe, MI",87.2
26117,"Montcalm, MI",64.2
26119,"Montmorency, MI",68.6
26121,"Muskegon, MI",71.8
26123,"Newaygo, MI",69.9
26125,"Oakland, MI",133.6
26127,"Oceana, MI",69.7
26129,"Ogemaw, MI",65
26131,"Ontonagon, MI",73.7
26133,"Osceola, MI",66.2
26135,"Oscoda, MI",62.3
26137,"Otsego, MI",74.5
26139,"Ottawa, MI",90.8
26141,"Presque Isle, MI",71.6
26143,"Roscommon, MI",68.2
26145,"Saginaw, MI",71.2
26147,"St. Clair, MI",81.4
26149,"St. Joseph, MI",71.4
26151,"Sanilac, MI",69.8
26153,"Schoolcraft, MI",73.4
26155,"Shiawassee, MI",72.4
26157,"Tuscola, MI",69.8
26159,"Van Buren, MI",75.5
26161,"Washtenaw, MI",109
26163,"Wayne, MI",78.9
26165,"Wexford, MI",67
27001,"Aitkin, MN",73.1
27003,"Anoka, MN",94.1
27005,"Becker, MN",86.8
27007,"Beltrami, MN",76.3
27009,"Benton, MN",80.5
27011,"Big Stone, MN",105.1
27013,"Blue Earth, MN",81.5
27015,"Brown, MN",97.3
27017,"Carlton, MN",79.2
27019,"Carver, MN",131
27021,"Cass, MN",87.1
27023,"Chippewa, MN",91.5
27025,"Chisago, MN",89.5
27027,"Clay, MN",79.3
27029,"Clearwater, MN",80.8
27031,"Cook, MN",101.6
27033,"Cottonwood, MN",88.1
27035,"Crow Wing, MN",83.8
27037,"Dakota, MN",111.4
27039,"Dodge, MN",88.1
27041,"Douglas, MN",98.6
27043,"Faribault, MN",79.6
27045,"Fillmore, MN",83.3
27047,"Freeborn, MN",84.1
27049,"Goodhue, MN",98.4
27051,"Grant, MN",96.5
27053,"Hennepin, MN",137.2
27055,"Houston, MN",96.2
27057,"Hubbard, MN",79.4
27059,"Isanti, MN",80.9
27061,"Itasca, MN",80.2
27063,"Jackson, MN",97.9
27065,"Kanabec, MN",78.1
27067,"Kandiyohi, MN",100.4
27069,"Kittson, MN",102.1
27071,"Koochiching, MN",76.9
27073,"Lac qui Parle, MN",102.3
27075,"Lake, MN",88.4
27077,"Lake of the Woods, MN",105.3
27079,"Le Sueur, MN",89.6
27081,"Lincoln, MN",89.1
27083,"Lyon, MN",90.8
27085,"McLeod, MN",90.2
27087,"Mahnomen, MN",67.9
27089,"Marshall, MN",94.6
27091,"Martin, MN",92
27093,"Meeker, MN",80.7
27095,"Mille Lacs, MN",76.4
27097,"Morrison, MN",78.2
27099,"Mower, MN",88.9
27101,"Murray, MN",100.7
27103,"Nicollet, MN",91.1
27105,"Nobles, MN",82.8
27107,"Norman, MN",81.3
27109,"Olmsted, MN",107.5
27111,"Otter Tail, MN",88.7
27113,"Pennington, MN",101.8
27115,"Pine, MN",68.1
27117,"Pipestone, MN",106.5
27119,"Polk, MN",89.7
27121,"Pope, MN",95.7
27123,"Ramsey, MN",100.9
27125,"Red Lake, MN",95
27127,"Redwood, MN",91.3
27129,"Renville, MN",94.5
27131,"Rice, MN",81
27133,"Rock, MN",95.4
27135,"Roseau, MN",94.2
27137,"St. Louis, MN",87.1
27139,"Scott, MN",109.6
27141,"Sherburne, MN",86.4
27143,"Sibley, MN",85.6
27145,"Stearns, MN",86.7
27147,"Steele, MN",87.4
27149,"Stevens, MN",91.7
27151,"Swift, MN",94.3
27153,"Todd, MN",77.1
27155,"Traverse, MN",112.5
27157,"Wabasha, MN",89.5
27159,"Wadena, MN",73
27161,"Waseca, MN",81.8
27163,"Washington, MN",124.8
27165,"Watonwan, MN",78.9
27167,"Wilkin, MN",109.3
27169,"Winona, MN",91.9
27171,"Wright, MN",92.2
27173,"Yellow Medicine, MN",105
28001,"Adams, MS",62.2
28003,"Alcorn, MS",66.1
28005,"Amite, MS",61.5
28007,"Attala, MS",62.1
28009,"Benton, MS",55.6
28011,"Bolivar, MS",70.2
28013,"Calhoun, MS",60.7
28015,"Carroll, MS",69.1
28017,"Chickasaw, MS",63.9
28019,"Choctaw, MS",61.8
28021,"Claiborne, MS",57.8
28023,"Clarke, MS",66.9
28025,"Clay, MS",72
28027,"Coahoma, MS",62.3
28029,"Copiah, MS",61
28031,"Covington, MS",65.7
28033,"DeSoto, MS",74.8
28035,"Forrest, MS",71.4
28037,"Franklin, MS",62.4
28039,"George, MS",59.7
28041,"Greene, MS",52.7
28043,"Grenada, MS",65.4
28045,"Hancock, MS",64.8
28047,"Harrison, MS",68.5
28049,"Hinds, MS",72.2
28051,"Holmes, MS",52.1
28053,"Humphreys, MS",58.5
28055,"Issaquena, MS",34.1
28057,"Itawamba, MS",63.8
28059,"Jackson, MS",68.9
28061,"Jasper, MS",68.5
28063,"Jefferson, MS",60.8
28065,"Jefferson Davis, MS",55.3
28067,"Jones, MS",70
28069,"Kemper, MS",53.8
28071,"Lafayette, MS",77.3
28073,"Lamar, MS",74.4
28075,"Lauderdale, MS",69.7
28077,"Lawrence, MS",63.6
28079,"Leake, MS",57.7
28081,"Lee, MS",77
28083,"Leflore, MS",66.9
28085,"Lincoln, MS",71
28087,"Lowndes, MS",70.7
28089,"Madison, MS",117.6
28091,"Marion, MS",63.4
28093,"Marshall, MS",59.4
28095,"Monroe, MS",63.7
28097,"Montgomery, MS",62.8
28099,"Neshoba, MS",67.2
28101,"Newton, MS",63.6
28103,"Noxubee, MS",60.3
28105,"Oktibbeha, MS",63.1
28107,"Panola, MS",59.7
28109,"Pearl River, MS",66.5
28111,"Perry, MS",58.7
28113,"Pike, MS",57
28115,"Pontotoc, MS",60.6
28117,"Prentiss, MS",56.5
28119,"Quitman, MS",49.8
28121,"Rankin, MS",82
28123,"Scott, MS",58.9
28125,"Sharkey, MS",58.9
28127,"Simpson, MS",68
28129,"Smith, MS",65.7
28131,"Stone, MS",57.9
28133,"Sunflower, MS",56.7
28135,"Tallahatchie, MS",51
28137,"Tate, MS",64.6
28139,"Tippah, MS",62.3
28141,"Tishomingo, MS",61.6
28143,"Tunica, MS",59.6
28145,"Union, MS",59.2
28147,"Walthall, MS",58.3
28149,"Warren, MS",72.7
28151,"Washington, MS",69
28153,"Wayne, MS",63.9
28155,"Webster, MS",70.6
28157,"Wilkinson, MS",54
28159,"Winston, MS",65.6
28161,"Yalobusha, MS",67.5
28163,"Yazoo, MS",50.1
29001,"Adair, MO",61.7
29003,"Andrew, MO",82.9
29005,"Atchison, MO",78.3
29007,"Audrain, MO",73.7
29009,"Barry, MO",63.4
29011,"Barton, MO",65.9
29013,"Bates, MO",71.4
29015,"Benton, MO",66.1
29017,"Bollinger, MO",59.6
29019,"Boone, MO",87.6
29021,"Buchanan, MO",73.1
29023,"Butler, MO",64.8
29025,"Caldwell, MO",68.5
29027,"Callaway, MO",71.1
29029,"Camden, MO",71.3
29031,"Cape Girardeau, MO",85.1
29033,"Carroll, MO",82.9
29035,"Carter, MO",58.9
29037,"Cass, MO",86.6
29039,"Cedar, MO",58.2
29041,"Chariton, MO",77.6
29043,"Christian, MO",74
29045,"Clark, MO",63.4
29047,"Clay, MO",88.9
29049,"Clinton, MO",79
29051,"Cole, MO",87.8
29053,"Cooper, MO",71.5
29055,"Crawford, MO",66.3
29057,"Dade, MO",62.8
29059,"Dallas, MO",60.9
29061,"Daviess, MO",63.3
29063,"DeKalb, MO",52
29065,"Dent, MO",61
29067,"Douglas, MO",52
29069,"Dunklin, MO",62.7
29071,"Franklin, MO",84
29073,"Gasconade, MO",74
29075,"Gentry, MO",76.2
29077,"Greene, MO",82.4
29079,"Grundy, MO",63.8
29081,"Harrison, MO",70.3
29083,"Henry, MO",79
29085,"Hickory, MO",51
29087,"Holt, MO",83.1
29089,"Howard, MO",71.3
29091,"Howell, MO",62.5
29093,"Iron, MO",62.7
29095,"Jackson, MO",86.4
29097,"Jasper, MO",73.4
29099,"Jefferson, MO",78.6
29101,"Johnson, MO",67.5
29103,"Knox, MO",60.1
29105,"Laclede, MO",67.1
29107,"Lafayette, MO",77.4
29109,"Lawrence, MO",63
29111,"Lewis, MO",64.7
29113,"Lincoln, MO",74.9
29115,"Linn, MO",74.1
29117,"Livingston, MO",73.1
29119,"McDonald, MO",51.5
29121,"Macon, MO",77.9
29123,"Madison, MO",67.7
29125,"Maries, MO",61.2
29127,"Marion, MO",75.4
29129,"Mercer, MO",59.5
29131,"Miller, MO",65.3
29133,"Mississippi, MO",59.2
29135,"Moniteau, MO",68.9
29137,"Monroe, MO",78.4
29139,"Montgomery, MO",74.2
29141,"Morgan, MO",78.7
29143,"New Madrid, MO",62.2
29145,"Newton, MO",72.2
29147,"Nodaway, MO",57
29149,"Oregon, MO",52.8
29151,"Osage, MO",83.7
29153,"Ozark, MO",55.2
29155,"Pemiscot, MO",60.3
29157,"Perry, MO",75.9
29159,"Pettis, MO",69.4
29161,"Phelps, MO",71.9
29163,"Pike, MO",64
29165,"Platte, MO",108.1
29167,"Polk, MO",61.9
29169,"Pulaski, MO",74.4
29171,"Putnam, MO",62.3
29173,"Ralls, MO",74.7
29175,"Randolph, MO",73.3
29177,"Ray, MO",77.7
29179,"Reynolds, MO",64.3
29181,"Ripley, MO",55.9
29183,"St. Charles, MO",98.7
29185,"St. Clair, MO",54.8
29186,"Ste. Genevieve, MO",76.8
29187,"St. Francois, MO",63.3
29189,"St. Louis, MO",131.1
29195,"Saline, MO",70.9
29197,"Schuyler, MO",53.3
29199,"Scotland, MO",61.1
29201,"Scott, MO",73.9
29203,"Shannon, MO",56
29205,"Shelby, MO",74.1
29207,"Stoddard, MO",68
29209,"Stone, MO",71.4
29211,"Sullivan, MO",69.1
29213,"Taney, MO",66
29215,"Texas, MO",51.7
29217,"Vernon, MO",66
29219,"Warren, MO",76.5
29221,"Washington, MO",54.4
29223,"Wayne, MO",54.3
29225,"Webster, MO",59.9
29227,"Worth, MO",65.3
29229,"Wright, MO",59.1
29510,"St. Louis (Independent City), MO",87.5
30001,"Beaverhead, MT",82
30003,"Big Horn, MT",56.1
30005,"Blaine, MT",57.4
30007,"Broadwater, MT",72.2
30009,"Carbon, MT",87.1
30011,"Carter, MT",81.5
30013,"Cascade, MT",87.3
30015,"Chouteau, MT",68.6
30017,"Custer, MT",82.1
30019,"Daniels, MT",88.3
30021,"Dawson, MT",83.2
30023,"Deer Lodge, MT",71.7
30025,"Fallon, MT",90.9
30027,"Fergus, MT",80.5
30029,"Flathead, MT",86.9
30031,"Gallatin, MT",100.5
30033,"Garfield, MT",66.7
30035,"Glacier, MT",63.3
30037,"Golden Valley, MT",90.2
30039,"Granite, MT",80.4
30041,"Hill, MT",82.7
30043,"Jefferson, MT",88.1
30045,"Judith Basin, MT",92.7
30047,"Lake, MT",72.3
30049,"Lewis and Clark, MT",89.2
30051,"Liberty, MT",75.2
30053,"Lincoln, MT",65.1
30055,"McCone, MT",77.5
30057,"Madison, MT",90.2
30059,"Meagher, MT",84.7
30061,"Mineral, MT",73.4
30063,"Missoula, MT",90.9
30065,"Musselshell, MT",79.2
30067,"Park, MT",88.4
30069,"Petroleum, MT",65.7
30071,"Phillips, MT",71.9
30073,"Pondera, MT",77.8
30075,"Powder River, MT",59.7
30077,"Powell, MT",73
30079,"Prairie, MT",82.2
30081,"Ravalli, MT",81.9
30083,"Richland, MT",112.4
30085,"Roosevelt, MT",63.9
30087,"Rosebud, MT",77.6
30089,"Sanders, MT",64.1
30091,"Sheridan, MT",96.5
30093,"Silver Bow, MT",89.9
30095,"Stillwater, MT",95.1
30097,"Sweet Grass, MT",81.6
30099,"Teton, MT",81.5
30101,"Toole, MT",83.5
30103,"Treasure, MT",88.9
30105,"Valley, MT",86.2
30107,"Wheatland, MT",66
30109,"Wibaux, MT",93.6
30111,"Yellowstone, MT",96.1
31001,"Adams, NE",90.3
31003,"Antelope, NE",86.3
31005,"Arthur, NE",86.1
31007,"Banner, NE",107
31009,"Blaine, NE",84.1
31011,"Boone, NE",99.2
31013,"Box Butte, NE",87
31015,"Boyd, NE",102.5
31017,"Brown, NE",94.6
31019,"Buffalo, NE",99.3
31021,"Burt, NE",92.3
31023,"Butler, NE",86.8
31025,"Cass, NE",98.4
31027,"Cedar, NE",97
31029,"Chase, NE",90.5
31031,"Cherry, NE",82.9
31033,"Cheyenne, NE",88.6
31035,"Clay, NE",86.7
31037,"Colfax, NE",79.2
31039,"Cuming, NE",107.6
31041,"Custer, NE",81.3
31043,"Dakota, NE",76.8
31045,"Dawes, NE",68.1
31047,"Dawson, NE",79.1
31049,"Deuel, NE",81.3
31051,"Dixon, NE",81.2
31053,"Dodge, NE",86.9
31055,"Douglas, NE",116.5
31057,"Dundy, NE",97.6
31059,"Fillmore, NE",104.8
31061,"Franklin, NE",86.6
31063,"Frontier, NE",81.7
31065,"Furnas, NE",90
31067,"Gage, NE",91.6
31069,"Garden, NE",75.1
31071,"Garfield, NE",80.6
31073,"Gosper, NE",96.7
31075,"Grant, NE",78.1
31077,"Greeley, NE",82.9
31079,"Hall, NE",80.1
31081,"Hamilton, NE",100.6
31083,"Harlan, NE",88.4
31085,"Hayes, NE",83.4
31087,"Hitchcock, NE",69.8
31089,"Holt, NE",94.4
31091,"Hooker, NE",96.7
31093,"Howard, NE",76
31095,"Jefferson, NE",89.6
31097,"Johnson, NE",68.3
31099,"Kearney, NE",103.4
31101,"Keith, NE",84.3
31103,"Keya Paha, NE",108
31105,"Kimball, NE",80.9
31107,"Knox, NE",88.7
31109,"Lancaster, NE",91.6
31111,"Lincoln, NE",85.6
31113,"Logan, NE",69.1
31115,"Loup, NE",83.3
31117,"McPherson, NE",83.6
31119,"Madison, NE",93
31121,"Merrick, NE",87
31123,"Morrill, NE",90.1
31125,"Nance, NE",69.8
31127,"Nemaha, NE",89.6
31129,"Nuckolls, NE",93.4
31131,"Otoe, NE",98.9
31133,"Pawnee, NE",89.7
31135,"Perkins, NE",102.3
31137,"Phelps, NE",97
31139,"Pierce, NE",104.9
31141,"Platte, NE",90.7
31143,"Polk, NE",93.7
31145,"Red Willow, NE",85
31147,"Richardson, NE",88.5
31149,"Rock, NE",90.4
31151,"Saline, NE",80.4
31153,"Sarpy, NE",92.4
31155,"Saunders, NE",95.9
31157,"Scotts Bluff, NE",81.1
31159,"Seward, NE",91.5
31161,"Sheridan, NE",86.5
31163,"Sherman, NE",82.6
31165,"Sioux, NE",77.9
31167,"Stanton, NE",88.5
31169,"Thayer, NE",105.7
31171,"Thomas, NE",99.1
31173,"Thurston, NE",76.2
31175,"Valley, NE",84
31177,"Washington, NE",104
31179,"Wayne, NE",82
31181,"Webster, NE",89.3
31183,"Wheeler, NE",133.9
31185,"York, NE",91.6
32001,"Churchill, NV",80.2
32003,"Clark, NV",86.5
32005,"Douglas, NV",138
32007,"Elko, NV",86
32009,"Esmeralda, NV",73.7
32011,"Eureka, NV",73.3
32013,"Humboldt, NV",86.2
32015,"Lander, NV",117.4
32017,"Lincoln, NV",67.2
32019,"Lyon, NV",71.1
32021,"Mineral, NV",69.9
32023,"Nye, NV",69.5
32027,"Pershing, NV",59.9
32029,"Storey, NV",109.6
32031,"Washoe, NV",109.5
32033,"White Pine, NV",82.2
32510,"Carson City (Independent City), NV",93.2
33001,"Belknap, NH",112.2
33003,"Carroll, NH",108.3
33005,"Cheshire, NH",95.5
33007,"Coos, NH",79.2
33009,"Grafton, NH",111
33011,"Hillsborough, NH",112.3
33013,"Merrimack, NH",106.4
33015,"Rockingham, NH",135.6
33017,"Strafford, NH",92.9
33019,"Sullivan, NH",94.9
34001,"Atlantic, NJ",89.4
34003,"Bergen, NJ",157.9
34005,"Burlington, NJ",114.1
34007,"Camden, NJ",99.4
34009,"Cape May, NJ",111.8
34011,"Cumberland, NJ",74
34013,"Essex, NJ",123.9
34015,"Gloucester, NJ",100.5
34017,"Hudson, NJ",119.6
34019,"Hunterdon, NJ",164.6
34021,"Mercer, NJ",127.4
34023,"Middlesex, NJ",112.2
34025,"Monmouth, NJ",146.9
34027,"Morris, NJ",181.5
34029,"Ocean, NJ",95.5
34031,"Passaic, NJ",92.9
34033,"Salem, NJ",89.1
34035,"Somerset, NJ",195
34037,"Sussex, NJ",113.4
34039,"Union, NJ",125.4
34041,"Warren, NJ",103
35001,"Bernalillo, NM",80.9
35003,"Catron, NM",58.8
35005,"Chaves, NM",74.1
35006,"Cibola, NM*",51.7
35007,"Colfax, NM",73.1
35009,"Curry, NM",81.1
35011,"De Baca, NM",72.8
35013,"Do√±a Ana, NM",67.2
35015,"Eddy, NM",99.4
35017,"Grant, NM",75.4
35019,"Guadalupe, NM",60.6
35021,"Harding, NM",71.1
35023,"Hidalgo, NM",76.3
35025,"Lea, NM",81.6
35027,"Lincoln, NM",76.8
35028,"Los Alamos, NM",129.7
35029,"Luna, NM",57.2
35031,"McKinley, NM",51
35033,"Mora, NM",65.3
35035,"Otero, NM",63.6
35037,"Quay, NM",70.2
35039,"Rio Arriba, NM",63.5
35041,"Roosevelt, NM",72.4
35043,"Sandoval, NM",76.3
35045,"San Juan, NM",65.1
35047,"San Miguel, NM",63.5
35049,"Santa Fe, NM",107.5
35051,"Sierra, NM",71.6
35053,"Socorro, NM",63.7
35055,"Taos, NM",70.6
35057,"Torrance, NM",55.6
35059,"Union, NM",59.9
35061,"Valencia, NM*",61.4
36001,"Albany, NY",112.4
36003,"Allegany, NY",64.1
36005,"Bronx, NY",68.6
36007,"Broome, NY",81.8
36009,"Cattaraugus, NY",73.5
36011,"Cayuga, NY",77.6
36013,"Chautauqua, NY",74.9
36015,"Chemung, NY",81.5
36017,"Chenango, NY",76.8
36019,"Clinton, NY",81
36021,"Columbia, NY",102.5
36023,"Cortland, NY",74.7
36025,"Delaware, NY",72.8
36027,"Dutchess, NY",103.5
36029,"Erie, NY",94.7
36031,"Essex, NY",84.5
36033,"Franklin, NY",69.1
36035,"Fulton, NY",79.2
36037,"Genesee, NY",80
36039,"Greene, NY",86.3
36041,"Hamilton, NY",99.3
36043,"Herkimer, NY",76.4
36045,"Jefferson, NY",86.2
36047,"Kings, NY",95.9
36049,"Lewis, NY",80.8
36051,"Livingston, NY",84.3
36053,"Madison, NY",81.7
36055,"Monroe, NY",97.3
36057,"Montgomery, NY",76.5
36059,"Nassau, NY",165
36061,"New York, NY",356.2
36063,"Niagara, NY",83.6
36065,"Oneida, NY",82.1
36067,"Onondaga, NY",97.1
36069,"Ontario, NY",98.3
36071,"Orange, NY",95.2
36073,"Orleans, NY",71.6
36075,"Oswego, NY",74.5
36077,"Otsego, NY",79.9
36079,"Putnam, NY",120.9
36081,"Queens, NY",91.4
36083,"Rensselaer, NY",90.3
36085,"Richmond, NY",104.2
36087,"Rockland, NY",111.1
36089,"St. Lawrence, NY",69.7
36091,"Saratoga, NY",124.2
36093,"Schenectady, NY",92.8
36095,"Schoharie, NY",74.9
36097,"Schuyler, NY",77.3
36099,"Seneca, NY",70.9
36101,"Steuben, NY",83
36103,"Suffolk, NY",126
36105,"Sullivan, NY",85
36107,"Tioga, NY",84.3
36109,"Tompkins, NY",83.2
36111,"Ulster, NY",92.7
36113,"Warren, NY",96.4
36115,"Washington, NY",73.5
36117,"Wayne, NY",84.6
36119,"Westchester, NY",200.2
36121,"Wyoming, NY",73.1
36123,"Yates, NY",72.4
37001,"Alamance, NC",72.3
37003,"Alexander, NC",68.8
37005,"Alleghany, NC",69
37007,"Anson, NC",63.6
37009,"Ashe, NC",66.7
37011,"Avery, NC",67.2
37013,"Beaufort, NC",76.5
37015,"Bertie, NC",63.9
37017,"Bladen, NC",63
37019,"Brunswick, NC",78.5
37021,"Buncombe, NC",89.2
37023,"Burke, NC",64.8
37025,"Cabarrus, NC",83.1
37027,"Caldwell, NC",65
37029,"Camden, NC",83.3
37031,"Carteret, NC",90.7
37033,"Caswell, NC",65.4
37035,"Catawba, NC",83.3
37037,"Chatham, NC",115.8
37039,"Cherokee, NC",59.3
37041,"Chowan, NC",75
37043,"Clay, NC",62.6
37045,"Cleveland, NC",69.2
37047,"Columbus, NC",59.5
37049,"Craven, NC",80.2
37051,"Cumberland, NC",71.2
37053,"Currituck, NC",83.4
37055,"Dare, NC",103.4
37057,"Davidson, NC",71.8
37059,"Davie, NC",87.5
37061,"Duplin, NC",61.7
37063,"Durham, NC",93.1
37065,"Edgecombe, NC",64.2
37067,"Forsyth, NC",89.6
37069,"Franklin, NC",66.6
37071,"Gaston, NC",76
37073,"Gates, NC",66.2
37075,"Graham, NC",60.7
37077,"Granville, NC",71
37079,"Greene, NC",59.8
37081,"Guilford, NC",84.3
37083,"Halifax, NC",66.1
37085,"Harnett, NC",63.6
37087,"Haywood, NC",74
37089,"Henderson, NC",79.5
37091,"Hertford, NC",60.1
37093,"Hoke, NC",57.2
37095,"Hyde, NC",79.9
37097,"Iredell, NC",92
37099,"Jackson, NC",60.3
37101,"Johnston, NC",73.3
37103,"Jones, NC",70.8
37105,"Lee, NC",73.6
37107,"Lenoir, NC",75.2
37109,"Lincoln, NC",84.1
37111,"McDowell, NC",62.6
37113,"Macon, NC",73.6
37115,"Madison, NC",62.5
37117,"Martin, NC",63.6
37119,"Mecklenburg, NC",112.3
37121,"Mitchell, NC",66
37123,"Montgomery, NC",65.4
37125,"Moore, NC",94.2
37127,"Nash, NC",77.2
37129,"New Hanover, NC",83.2
37131,"Northampton, NC",62.8
37133,"Onslow, NC",84.7
37135,"Orange, NC",123.8
37137,"Pamlico, NC",80
37139,"Pasquotank, NC",72.4
37141,"Pender, NC",66
37143,"Perquimans, NC",74.9
37145,"Person, NC",70.2
37147,"Pitt, NC",75.7
37149,"Polk, NC",83.2
37151,"Randolph, NC",68
37153,"Richmond, NC",64.6
37155,"Robeson, NC",54.1
37157,"Rockingham, NC",68.2
37159,"Rowan, NC",70
37161,"Rutherford, NC",60.2
37163,"Sampson, NC",65.9
37165,"Scotland, NC",61
37167,"Stanly, NC",71.7
37169,"Stokes, NC",67.7
37171,"Surry, NC",70.8
37173,"Swain, NC",70.6
37175,"Transylvania, NC",77.3
37177,"Tyrrell, NC",55.1
37179,"Union, NC",94.3
37181,"Vance, NC",64.5
37183,"Wake, NC",108.4
37185,"Warren, NC",55.8
37187,"Washington, NC",66.3
37189,"Watauga, NC",67.4
37191,"Wayne, NC",70.7
37193,"Wilkes, NC",67.2
37195,"Wilson, NC",74.4
37197,"Yadkin, NC",68
37199,"Yancey, NC",67.4
38001,"Adams, ND",108.7
38003,"Barnes, ND",102.5
38005,"Benson, ND",63.3
38007,"Billings, ND",137.2
38009,"Bottineau, ND",108
38011,"Bowman, ND",111.7
38013,"Burke, ND",117
38015,"Burleigh, ND",106.8
38017,"Cass, ND",103
38019,"Cavalier, ND",125
38021,"Dickey, ND",96.3
38023,"Divide, ND",89.2
38025,"Dunn, ND",110.8
38027,"Eddy, ND",99.2
38029,"Emmons, ND",90.9
38031,"Foster, ND",115.6
38033,"Golden Valley, ND",80.6
38035,"Grand Forks, ND",94.6
38037,"Grant, ND",70.5
38039,"Griggs, ND",101.7
38041,"Hettinger, ND",93.9
38043,"Kidder, ND",92.4
38045,"LaMoure, ND",103.1
38047,"Logan, ND",111.2
38049,"McHenry, ND",95.9
38051,"McIntosh, ND",109.5
38053,"McKenzie, ND",114.9
38055,"McLean, ND",100.1
38057,"Mercer, ND",106.2
38059,"Morton, ND",95.8
38061,"Mountrail, ND",108.3
38063,"Nelson, ND",111.7
38065,"Oliver, ND",88.7
38067,"Pembina, ND",92
38069,"Pierce, ND",95.6
38071,"Ramsey, ND",87.1
38073,"Ransom, ND",102.7
38075,"Renville, ND",112
38077,"Richland, ND",97.4
38079,"Rolette, ND",67.3
38081,"Sargent, ND",120.2
38083,"Sheridan, ND",65.2
38085,"Sioux, ND",50.8
38087,"Slope, ND",90.9
38089,"Stark, ND",112.1
38091,"Steele, ND",116.3
38093,"Stutsman, ND",100.1
38095,"Towner, ND",98.8
38097,"Traill, ND",93.9
38099,"Walsh, ND",89.9
38101,"Ward, ND",101.4
38103,"Wells, ND",101.6
38105,"Williams, ND",126.5
39001,"Adams, OH",63.6
39003,"Allen, OH",78.6
39005,"Ashland, OH",70.6
39007,"Ashtabula, OH",70.6
39009,"Athens, OH",61.1
39011,"Auglaize, OH",91.1
39013,"Belmont, OH",77.9
39015,"Brown, OH",68.4
39017,"Butler, OH",87.1
39019,"Carroll, OH",72.9
39021,"Champaign, OH",75.4
39023,"Clark, OH",74.9
39025,"Clermont, OH",98.8
39027,"Clinton, OH",84
39029,"Columbiana, OH",69.8
39031,"Coshocton, OH",64
39033,"Crawford, OH",71.1
39035,"Cuyahoga, OH",100.5
39037,"Darke, OH",78.6
39039,"Defiance, OH",76.3
39041,"Delaware, OH",136.1
39043,"Erie, OH",115
39045,"Fairfield, OH",84.7
39047,"Fayette, OH",70.6
39049,"Franklin, OH",92.6
39051,"Fulton, OH",83.7
39053,"Gallia, OH",73.2
39055,"Geauga, OH",127
39057,"Greene, OH",92.4
39059,"Guernsey, OH",73.2
39061,"Hamilton, OH",109.4
39063,"Hancock, OH",94.8
39065,"Hardin, OH",61.5
39067,"Harrison, OH",70.8
39069,"Henry, OH",84.3
39071,"Highland, OH",66.7
39073,"Hocking, OH",69.9
39075,"Holmes, OH",83
39077,"Huron, OH",74.1
39079,"Jackson, OH",65.7
39081,"Jefferson, OH",72.2
39083,"Knox, OH",77.4
39085,"Lake, OH",93.2
39087,"Lawrence, OH",71
39089,"Licking, OH",84.6
39091,"Logan, OH",78.8
39093,"Lorain, OH",84.8
39095,"Lucas, OH",85
39097,"Madison, OH",76.7
39099,"Mahoning, OH",79.2
39101,"Marion, OH",70.3
39103,"Medina, OH",102.3
39105,"Meigs, OH",62.6
39107,"Mercer, OH",94.7
39109,"Miami, OH",87.3
39111,"Monroe, OH",63.7
39113,"Montgomery, OH",86.1
39115,"Morgan, OH",60.9
39117,"Morrow, OH",71
39119,"Muskingum, OH",74.6
39121,"Noble, OH",50
39123,"Ottawa, OH",94.8
39125,"Paulding, OH",75.4
39127,"Perry, OH",68.3
39129,"Pickaway, OH",75.5
39131,"Pike, OH",68.8
39133,"Portage, OH",80.9
39135,"Preble, OH",74.6
39137,"Putnam, OH",91.9
39139,"Richland, OH",72.1
39141,"Ross, OH",67.8
39143,"Sandusky, OH",76.5
39145,"Scioto, OH",71.8
39147,"Seneca, OH",72.9
39149,"Shelby, OH",84.8
39151,"Stark, OH",82.9
39153,"Summit, OH",93.7
39155,"Trumbull, OH",76
39157,"Tuscarawas, OH",79.6
39159,"Union, OH",101.9
39161,"Van Wert, OH",78.3
39163,"Vinton, OH",60.8
39165,"Warren, OH",109.8
39167,"Washington, OH",79.7
39169,"Wayne, OH",80.9
39171,"Williams, OH",76.6
39173,"Wood, OH",87.6
39175,"Wyandot, OH",83.7
40001,"Adair, OK",53
40003,"Alfalfa, OK",74.6
40005,"Atoka, OK",59.5
40007,"Beaver, OK",90.2
40009,"Beckham, OK",69.7
40011,"Blaine, OK",76.2
40013,"Bryan, OK",63.5
40015,"Caddo, OK",64.7
40017,"Canadian, OK",82.4
40019,"Carter, OK",79.1
40021,"Cherokee, OK",59.3
40023,"Choctaw, OK",58.6
40025,"Cimarron, OK",111.5
40027,"Cleveland, OK",82.8
40029,"Coal, OK",62
40031,"Comanche, OK",76.2
40033,"Cotton, OK",76.7
40035,"Craig, OK",65.6
40037,"Creek, OK",74.9
40039,"Custer, OK",76.5
40041,"Delaware, OK",57.3
40043,"Dewey, OK",81.8
40045,"Ellis, OK",94.7
40047,"Garfield, OK",81.7
40049,"Garvin, OK",70
40051,"Grady, OK",72.9
40053,"Grant, OK",83
40055,"Greer, OK",48.4
40057,"Harmon, OK",65.5
40059,"Harper, OK",85.3
40061,"Haskell, OK",59.4
40063,"Hughes, OK",58.5
40065,"Jackson, OK",70.8
40067,"Jefferson, OK",58.9
40069,"Johnston, OK",67.2
40071,"Kay, OK",75.1
40073,"Kingfisher, OK",90.5
40075,"Kiowa, OK",59.8
40077,"Latimer, OK",60.1
40079,"Le Flore, OK",60
40081,"Lincoln, OK",65.5
40083,"Logan, OK",79.3
40085,"Love, OK",69
40087,"McClain, OK",82.9
40089,"McCurtain, OK",58.1
40091,"McIntosh, OK",61.1
40093,"Major, OK",80.4
40095,"Marshall, OK",60
40097,"Mayes, OK",64.6
40099,"Murray, OK",77.7
40101,"Muskogee, OK",67.5
40103,"Noble, OK",76
40105,"Nowata, OK",66.4
40107,"Okfuskee, OK",55.3
40109,"Oklahoma, OK",95.8
40111,"Okmulgee, OK",62.4
40113,"Osage, OK",64.2
40115,"Ottawa, OK",65.7
40117,"Pawnee, OK",65.8
40119,"Payne, OK",68.2
40121,"Pittsburg, OK",70.8
40123,"Pontotoc, OK",79.2
40125,"Pottawatomie, OK",68.8
40127,"Pushmataha, OK",57.7
40129,"Roger Mills, OK",89.2
40131,"Rogers, OK",84.1
40133,"Seminole, OK",62.5
40135,"Sequoyah, OK",61.4
40137,"Stephens, OK",76.1
40139,"Texas, OK",85.6
40141,"Tillman, OK",73.4
40143,"Tulsa, OK",115.3
40145,"Wagoner, OK",72.6
40147,"Washington, OK",118.4
40149,"Washita, OK",67
40151,"Woods, OK",78.8
40153,"Woodward, OK",80.6
41001,"Baker, OR",74.8
41003,"Benton, OR",86.4
41005,"Clackamas, OR",107.6
41007,"Clatsop, OR",82.8
41009,"Columbia, OR",81.4
41011,"Coos, OR",80.1
41013,"Crook, OR",75.2
41015,"Curry, OR",78.3
41017,"Deschutes, OR",101.3
41019,"Douglas, OR",74.2
41021,"Gilliam, OR",89
41023,"Grant, OR",77
41025,"Harney, OR",71.9
41027,"Hood River, OR",104
41029,"Jackson, OR",85.6
41031,"Jefferson, OR",60.5
41033,"Josephine, OR",75.3
41035,"Klamath, OR",73.3
41037,"Lake, OR",73.1
41039,"Lane, OR",84.3
41041,"Lincoln, OR",81
41043,"Linn, OR",78.8
41045,"Malheur, OR",56.9
41047,"Marion, OR",79.1
41049,"Morrow, OR",71.8
41051,"Multnomah, OR",106.3
41053,"Polk, OR",76
41055,"Sherman, OR",96.1
41057,"Tillamook, OR",81.7
41059,"Umatilla, OR",72.9
41061,"Union, OR",74.5
41063,"Wallowa, OR",82.8
41065,"Wasco, OR",80.2
41067,"Washington, OR",112
41069,"Wheeler, OR",68.2
41071,"Yamhill, OR",83.5
42001,"Adams, PA",90.3
42003,"Allegheny, PA",115.6
42005,"Armstrong, PA",83.6
42007,"Beaver, PA",89.6
42009,"Bedford, PA",78.8
42011,"Berks, PA",91.7
42013,"Blair, PA",85.9
42015,"Bradford, PA",75.9
42017,"Bucks, PA",134.9
42019,"Butler, PA",108.2
42021,"Cambria, PA",79.7
42023,"Cameron, PA",89.4
42025,"Carbon, PA",92.4
42027,"Centre, PA",84.8
42029,"Chester, PA",152.2
42031,"Clarion, PA",76.6
42033,"Clearfield, PA",81.6
42035,"Clinton, PA",72.9
42037,"Columbia, PA",77.5
42039,"Crawford, PA",75.2
42041,"Cumberland, PA",101.3
42043,"Dauphin, PA",93.9
42045,"Delaware, PA",122.4
42047,"Elk, PA",89.8
42049,"Erie, PA",82.5
42051,"Fayette, PA",78.3
42053,"Forest, PA",41.9
42055,"Franklin, PA",85.2
42057,"Fulton, PA",83.6
42059,"Greene, PA",82.2
42061,"Huntingdon, PA",70.8
42063,"Indiana, PA",73.3
42065,"Jefferson, PA",81.1
42067,"Juniata, PA",83.2
42069,"Lackawanna, PA",87.7
42071,"Lancaster, PA",96.7
42073,"Lawrence, PA",80.7
42075,"Lebanon, PA",88.8
42077,"Lehigh, PA",98.5
42079,"Luzerne, PA",83.1
42081,"Lycoming, PA",80.5
42083,"McKean, PA",83.1
42085,"Mercer, PA",79
42087,"Mifflin, PA",73
42089,"Monroe, PA",78.5
42091,"Montgomery, PA",148
42093,"Montour, PA",105.5
42095,"Northampton, PA",100.8
42097,"Northumberland, PA",76.6
42099,"Perry, PA",82.1
42101,"Philadelphia, PA",102.4
42103,"Pike, PA",87.9
42105,"Potter, PA",78.6
42107,"Schuylkill, PA",78.7
42109,"Snyder, PA",78
42111,"Somerset, PA",77.5
42113,"Sullivan, PA",84.7
42115,"Susquehanna, PA",83.3
42117,"Tioga, PA",75.4
42119,"Union, PA",75.8
42121,"Venango, PA",77.6
42123,"Warren, PA",78.7
42125,"Washington, PA",109.4
42127,"Wayne, PA",80.8
42129,"Westmoreland, PA",95.9
42131,"Wyoming, PA",83.2
42133,"York, PA",92
44001,"Bristol, RI",144.7
44003,"Kent, RI",109.6
44005,"Newport, RI",126.1
44007,"Providence, RI",88.4
44009,"Washington, RI",117.8
45001,"Abbeville, SC",62.6
45003,"Aiken, SC",78.1
45005,"Allendale, SC",61
45007,"Anderson, SC",72.9
45009,"Bamberg, SC",60.3
45011,"Barnwell, SC",61.3
45013,"Beaufort, SC",104.2
45015,"Berkeley, SC",74.2
45017,"Calhoun, SC",70.6
45019,"Charleston, SC",112.9
45021,"Cherokee, SC",61
45023,"Chester, SC",62.5
45025,"Chesterfield, SC",57
45027,"Clarendon, SC",61
45029,"Colleton, SC",65.6
45031,"Darlington, SC",68.8
45033,"Dillon, SC",50.9
45035,"Dorchester, SC",71.4
45037,"Edgefield, SC",66.9
45039,"Fairfield, SC",67.5
45041,"Florence, SC",76.8
45043,"Georgetown, SC",86.5
45045,"Greenville, SC",89.3
45047,"Greenwood, SC",68.7
45049,"Hampton, SC",59.6
45051,"Horry, SC",68.1
45053,"Jasper, SC",53.7
45055,"Kershaw, SC",75.7
45057,"Lancaster, SC",90.2
45059,"Laurens, SC",63.6
45061,"Lee, SC",60.1
45063,"Lexington, SC",85.4
45065,"McCormick, SC",70.7
45067,"Marion, SC",57.8
45069,"Marlboro, SC",58
45071,"Newberry, SC",69.4
45073,"Oconee, SC",79.6
45075,"Orangeburg, SC",62.1
45077,"Pickens, SC",70.4
45079,"Richland, SC",83.6
45081,"Saluda, SC",63.3
45083,"Spartanburg, SC",79.2
45085,"Sumter, SC",70.9
45087,"Union, SC",60.1
45089,"Williamsburg, SC",60.1
45091,"York, SC",85.7
46003,"Aurora, SD",83.1
46005,"Beadle, SD",90.4
46007,"Bennett, SD",54.1
46009,"Bon Homme, SD",71.4
46011,"Brookings, SD",85
46013,"Brown, SD",96.7
46015,"Brule, SD",85.5
46017,"Buffalo, SD",42.9
46019,"Butte, SD",71
46021,"Campbell, SD",92.3
46023,"Charles Mix, SD",82.4
46025,"Clark, SD",88.6
46027,"Clay, SD",72.5
46029,"Codington, SD",90.9
46031,"Corson, SD",55
46033,"Custer, SD",88.8
46035,"Davison, SD",93.3
46037,"Day, SD",87
46039,"Deuel, SD",95.1
46041,"Dewey, SD",65.6
46043,"Douglas, SD",106.2
46045,"Edmunds, SD",95.6
46047,"Fall River, SD",86.1
46049,"Faulk, SD",78.5
46051,"Grant, SD",104.8
46053,"Gregory, SD",88.5
46055,"Haakon, SD",91.6
46057,"Hamlin, SD",81.2
46059,"Hand, SD",102.3
46061,"Hanson, SD",122.3
46063,"Harding, SD",93.7
46065,"Hughes, SD",97.3
46067,"Hutchinson, SD",97.7
46069,"Hyde, SD",95.8
46071,"Jackson, SD",49.3
46073,"Jerauld, SD",100
46075,"Jones, SD",110.2
46077,"Kingsbury, SD",93.6
46079,"Lake, SD",96.2
46081,"Lawrence, SD",92.3
46083,"Lincoln, SD",123.7
46085,"Lyman, SD",87.1
46087,"McCook, SD",96.3
46089,"McPherson, SD",70.9
46091,"Marshall, SD",89.5
46093,"Meade, SD",79
46095,"Mellette, SD",51.7
46097,"Miner, SD",97.2
46099,"Minnehaha, SD",105.1
46101,"Moody, SD",91.3
46102,"Oglala Lakota, SD*",46
46103,"Pennington, SD",94.3
46105,"Perkins, SD",77.5
46107,"Potter, SD",130
46109,"Roberts, SD",67.8
46111,"Sanborn, SD",89.5
46115,"Spink, SD",96.4
46117,"Stanley, SD",135.5
46119,"Sully, SD",139.7
46121,"Todd, SD",46.2
46123,"Tripp, SD",91.5
46125,"Turner, SD",113.9
46127,"Union, SD",197.4
46129,"Walworth, SD",84.3
46135,"Yankton, SD",92.3
46137,"Ziebach, SD",37.8
47001,"Anderson, TN",76.9
47003,"Bedford, TN",68.4
47005,"Benton, TN",61.8
47007,"Bledsoe, TN",48.3
47009,"Blount, TN",79
47011,"Bradley, TN",71.8
47013,"Campbell, TN",62.4
47015,"Cannon, TN",66.3
47017,"Carroll, TN",65.9
47019,"Carter, TN",63.5
47021,"Cheatham, TN",80.7
47023,"Chester, TN",61.8
47025,"Claiborne, TN",65
47027,"Clay, TN",57
47029,"Cocke, TN",58.7
47031,"Coffee, TN",71
47033,"Crockett, TN",67.1
47035,"Cumberland, TN",67.2
47037,"Davidson, TN",121.3
47039,"Decatur, TN",78.3
47041,"DeKalb, TN",73.7
47043,"Dickson, TN",74.5
47045,"Dyer, TN",74.6
47047,"Fayette, TN",101.7
47049,"Fentress, TN",59.2
47051,"Franklin, TN",71.4
47053,"Gibson, TN",71
47055,"Giles, TN",71.2
47057,"Grainger, TN",61.5
47059,"Greene, TN",73.4
47061,"Grundy, TN",57
47063,"Hamblen, TN",67.3
47065,"Hamilton, TN",95
47067,"Hancock, TN",49.7
47069,"Hardeman, TN",54.1
47071,"Hardin, TN",72.3
47073,"Hawkins, TN",62.8
47075,"Haywood, TN",58.8
47077,"Henderson, TN",65.7
47079,"Henry, TN",77.1
47081,"Hickman, TN",60.2
47083,"Houston, TN",60.3
47085,"Humphreys, TN",71
47087,"Jackson, TN",57.3
47089,"Jefferson, TN",65.9
47091,"Johnson, TN",59.2
47093,"Knox, TN",91.4
47095,"Lake, TN",42.7
47097,"Lauderdale, TN",53.6
47099,"Lawrence, TN",64.7
47101,"Lewis, TN",63.2
47103,"Lincoln, TN",76
47105,"Loudon, TN",89.1
47107,"McMinn, TN",65.9
47109,"McNairy, TN",59.8
47111,"Macon, TN",61.2
47113,"Madison, TN",78.5
47115,"Marion, TN",70.6
47117,"Marshall, TN",69
47119,"Maury, TN",78.4
47121,"Meigs, TN",61.6
47123,"Monroe, TN",61.2
47125,"Montgomery, TN",75.4
47127,"Moore, TN",75.8
47129,"Morgan, TN",54
47131,"Obion, TN",74.7
47133,"Overton, TN",61.9
47135,"Perry, TN",62.9
47137,"Pickett, TN",72.9
47139,"Polk, TN",62
47141,"Putnam, TN",72.6
47143,"Rhea, TN",62.7
47145,"Roane, TN",75.3
47147,"Robertson, TN",77.3
47149,"Rutherford, TN",75.4
47151,"Scott, TN",54.7
47153,"Sequatchie, TN",69.8
47155,"Sevier, TN",72.5
47157,"Shelby, TN",90.9
47159,"Smith, TN",69.3
47161,"Stewart, TN",73.2
47163,"Sullivan, TN",78.3
47165,"Sumner, TN",89.4
47167,"Tipton, TN",70.8
47169,"Trousdale, TN",55.3
47171,"Unicoi, TN",68.7
47173,"Union, TN",58.2
47175,"Van Buren, TN",56.5
47177,"Warren, TN",62.4
47179,"Washington, TN",79.5
47181,"Wayne, TN",53.2
47183,"Weakley, TN",68.5
47185,"White, TN",59.6
47187,"Williamson, TN",174.2
47189,"Wilson, TN",90.2
48001,"Anderson, TX",62.9
48003,"Andrews, TX",91.9
48005,"Angelina, TX",71.4
48007,"Aransas, TX",88.9
48009,"Archer, TX",92.4
48011,"Armstrong, TX",88.2
48013,"Atascosa, TX",67.3
48015,"Austin, TX",93.1
48017,"Bailey, TX",78.1
48019,"Bandera, TX",79.8
48021,"Bastrop, TX",67.2
48023,"Baylor, TX",76.6
48025,"Bee, TX",52.3
48027,"Bell, TX",78.6
48029,"Bexar, TX",84.6
48031,"Blanco, TX",95.4
48033,"Borden, TX",117.1
48035,"Bosque, TX",76.4
48037,"Bowie, TX",73.5
48039,"Brazoria, TX",86.8
48041,"Brazos, TX",72
48043,"Brewster, TX",83.8
48045,"Briscoe, TX",64.7
48047,"Brooks, TX",62.2
48049,"Brown, TX",71.3
48051,"Burleson, TX",78.3
48053,"Burnet, TX",85.4
48055,"Caldwell, TX",61.8
48057,"Calhoun, TX",71
48059,"Callahan, TX",72.4
48061,"Cameron, TX",52.8
48063,"Camp, TX",71
48065,"Carson, TX",85.2
48067,"Cass, TX",67.8
48069,"Castro, TX",78.6
48071,"Chambers, TX",98.6
48073,"Cherokee, TX",63.3
48075,"Childress, TX",55.3
48077,"Clay, TX",77.8
48079,"Cochran, TX",70.4
48081,"Coke, TX",76.9
48083,"Coleman, TX",74.7
48085,"Collin, TX",121
48087,"Collingsworth, TX",60.7
48089,"Colorado, TX",86
48091,"Comal, TX",106.7
48093,"Comanche, TX",78
48095,"Concho, TX",36.4
48097,"Cooke, TX",99.5
48099,"Coryell, TX",62.4
48101,"Cottle, TX",105.2
48103,"Crane, TX",87.7
48105,"Crockett, TX",76.2
48107,"Crosby, TX",56.5
48109,"Culberson, TX",99.5
48111,"Dallam, TX",95.8
48113,"Dallas, TX",108.4
48115,"Dawson, TX",68.2
48117,"Deaf Smith, TX",74.3
48119,"Delta, TX",63.9
48121,"Denton, TX",102.7
48123,"DeWitt, TX",100.2
48125,"Dickens, TX",58
48127,"Dimmit, TX",67.3
48129,"Donley, TX",84
48131,"Duval, TX",66.9
48133,"Eastland, TX",130.7
48135,"Ector, TX",86.8
48137,"Edwards, TX",64.6
48139,"Ellis, TX",81.4
48141,"El Paso, TX",65.9
48143,"Erath, TX",72.7
48145,"Falls, TX",63.6
48147,"Fannin, TX",69.1
48149,"Fayette, TX",98.4
48151,"Fisher, TX",85.3
48153,"Floyd, TX",68.6
48155,"Foard, TX",78.9
48157,"Fort Bend, TX",105.7
48159,"Franklin, TX",73
48161,"Freestone, TX",68.1
48163,"Frio, TX",50.6
48165,"Gaines, TX",66.1
48167,"Galveston, TX",95.1
48169,"Garza, TX",55.2
48171,"Gillespie, TX",111.2
48173,"Glasscock, TX",187.6
48175,"Goliad, TX",80.6
48177,"Gonzales, TX",79.6
48179,"Gray, TX",80.8
48181,"Grayson, TX",77.5
48183,"Gregg, TX",83.4
48185,"Grimes, TX",65.1
48187,"Guadalupe, TX",82.3
48189,"Hale, TX",59.3
48191,"Hall, TX",55.4
48193,"Hamilton, TX",111.6
48195,"Hansford, TX",115.7
48197,"Hardeman, TX",70.2
48199,"Hardin, TX",84.5
48201,"Harris, TX",103.7
48203,"Harrison, TX",77
48205,"Hartley, TX",114.7
48207,"Haskell, TX",63.4
48209,"Hays, TX",80.3
48211,"Hemphill, TX",107.4
48213,"Henderson, TX",72.8
48215,"Hidalgo, TX",48.5
48217,"Hill, TX",72
48219,"Hockley, TX",71.6
48221,"Hood, TX",93.2
48223,"Hopkins, TX",71.9
48225,"Houston, TX",69.9
48227,"Howard, TX",73.9
48229,"Hudspeth, TX",59.6
48231,"Hunt, TX",69.8
48233,"Hutchinson, TX",76.3
48235,"Irion, TX",125.5
48237,"Jack, TX",80.9
48239,"Jackson, TX",76.7
48241,"Jasper, TX",74.9
48243,"Jeff Davis, TX",78.9
48245,"Jefferson, TX",80.9
48247,"Jim Hogg, TX",56.4
48249,"Jim Wells, TX",74.5
48251,"Johnson, TX",76.6
48253,"Jones, TX",56.1
48255,"Karnes, TX",91.1
48257,"Kaufman, TX",78.7
48259,"Kendall, TX",154.8
48261,"Kenedy, TX",80
48263,"Kent, TX",100.8
48265,"Kerr, TX",92.1
48267,"Kimble, TX",79.5
48269,"King, TX",102.2
48271,"Kinney, TX",55.9
48273,"Kleberg, TX",71.6
48275,"Knox, TX",70.6
48277,"Lamar, TX",74.9
48279,"Lamb, TX",70.2
48281,"Lampasas, TX",90.8
48283,"La Salle, TX",65.8
48285,"Lavaca, TX",93.5
48287,"Lee, TX",85.8
48289,"Leon, TX",74.2
48291,"Liberty, TX",68.4
48293,"Limestone, TX",65.7
48295,"Lipscomb, TX",118.9
48297,"Live Oak, TX",65.5
48299,"Llano, TX",87.2
48301,"Loving, TX",104.2
48303,"Lubbock, TX",78.2
48305,"Lynn, TX",60.8
48307,"McCulloch, TX",69.7
48309,"McLennan, TX",75.8
48311,"McMullen, TX",132.5
48313,"Madison, TX",55.9
48315,"Marion, TX",69.9
48317,"Martin, TX",102.9
48319,"Mason, TX",81.9
48321,"Matagorda, TX",74.6
48323,"Maverick, TX",56
48325,"Medina, TX",72.4
48327,"Menard, TX",64.9
48329,"Midland, TX",228.6
48331,"Milam, TX",66.4
48333,"Mills, TX",68.2
48335,"Mitchell, TX",58.6
48337,"Montague, TX",77.3
48339,"Montgomery, TX",116.8
48341,"Moore, TX",75.8
48343,"Morris, TX",79.8
48345,"Motley, TX",53.1
48347,"Nacogdoches, TX",69.3
48349,"Navarro, TX",69.7
48351,"Newton, TX",61.3
48353,"Nolan, TX",79.1
48355,"Nueces, TX",81.5
48357,"Ochiltree, TX",105.2
48359,"Oldham, TX",90.2
48361,"Orange, TX",82.5
48363,"Palo Pinto, TX",71.9
48365,"Panola, TX",79.9
48367,"Parker, TX",97.9
48369,"Parmer, TX",82.6
48371,"Pecos, TX",67.2
48373,"Polk, TX",72.4
48375,"Potter, TX",80.7
48377,"Presidio, TX",78.7
48379,"Rains, TX",61.7
48381,"Randall, TX",88.1
48383,"Reagan, TX",88.6
48385,"Real, TX",63.7
48387,"Red River, TX",74.7
48389,"Reeves, TX",72.4
48391,"Refugio, TX",78.3
48393,"Roberts, TX",77.1
48395,"Robertson, TX",74.2
48397,"Rockwall, TX",112
48399,"Runnels, TX",73.1
48401,"Rusk, TX",67
48403,"Sabine, TX",63.6
48405,"San Augustine, TX",73.2
48407,"San Jacinto, TX",63.4
48409,"San Patricio, TX",80.7
48411,"San Saba, TX",75.7
48413,"Schleicher, TX",73.7
48415,"Scurry, TX",77.3
48417,"Shackelford, TX",239.6
48419,"Shelby, TX",76.5
48421,"Sherman, TX",90.9
48423,"Smith, TX",101.4
48425,"Somervell, TX",84
48427,"Starr, TX",48.3
48429,"Stephens, TX",72.2
48431,"Sterling, TX",106.8
48433,"Stonewall, TX",98.1
48435,"Sutton, TX",112.9
48437,"Swisher, TX",77.1
48439,"Tarrant, TX",94.1
48441,"Taylor, TX",83.3
48443,"Terrell, TX",88.2
48445,"Terry, TX",58.9
48447,"Throckmorton, TX",66
48449,"Titus, TX",63.8
48451,"Tom Green, TX",84.5
48453,"Travis, TX",124
48455,"Trinity, TX",63.4
48457,"Tyler, TX",58.9
48459,"Upshur, TX",67.3
48461,"Upton, TX",81.8
48463,"Uvalde, TX",72.5
48465,"Val Verde, TX",67.1
48467,"Van Zandt, TX",70.2
48469,"Victoria, TX",84.7
48471,"Walker, TX",51.5
48473,"Waller, TX",73.5
48475,"Ward, TX",91.7
48477,"Washington, TX",96
48479,"Webb, TX",58.1
48481,"Wharton, TX",76.2
48483,"Wheeler, TX",76.8
48485,"Wichita, TX",79.3
48487,"Wilbarger, TX",77.2
48489,"Willacy, TX",52.5
48491,"Williamson, TX",93.3
48493,"Wilson, TX",81.3
48495,"Winkler, TX",105.8
48497,"Wise, TX",80.4
48499,"Wood, TX",70.1
48501,"Yoakum, TX",75.5
48503,"Young, TX",92.3
48505,"Zapata, TX",52
48507,"Zavala, TX",53.6
49001,"Beaver, UT",62
49003,"Box Elder, UT",68.7
49005,"Cache, UT",71.6
49007,"Carbon, UT",70.7
49009,"Daggett, UT",75.6
49011,"Davis, UT",85
49013,"Duchesne, UT",67.4
49015,"Emery, UT",60.9
49017,"Garfield, UT",67.4
49019,"Grand, UT",99.2
49021,"Iron, UT",59.1
49023,"Juab, UT",66.3
49025,"Kane, UT",73.9
49027,"Millard, UT",64.6
49029,"Morgan, UT",96.3
49031,"Piute, UT",61.9
49033,"Rich, UT",65.1
49035,"Salt Lake, UT",96.7
49037,"San Juan, UT",48.9
49039,"Sanpete, UT",53.6
49041,"Sevier, UT",62.7
49043,"Summit, UT",241.7
49045,"Tooele, UT",67.7
49047,"Uintah, UT",58
49049,"Utah, UT",75.2
49051,"Wasatch, UT",97.9
49053,"Washington, UT",71.3
49055,"Wayne, UT",71.8
49057,"Weber, UT",76.9
50001,"Addison, VT",95.1
50003,"Bennington, VT",100
50005,"Caledonia, VT",75.8
50007,"Chittenden, VT",111.9
50009,"Essex, VT",66.1
50011,"Franklin, VT",84.9
50013,"Grand Isle, VT",108.7
50015,"Lamoille, VT",99.1
50017,"Orange, VT",86.6
50019,"Orleans, VT",80
50021,"Rutland, VT",96.1
50023,"Washington, VT",110.7
50025,"Windham, VT",93.5
50027,"Windsor, VT",106.7
51001,"Accomack, VA",78.5
51007,"Amelia, VA",82.2
51009,"Amherst, VA",68.3
51011,"Appomattox, VA",70.3
51013,"Arlington, VA",174.8
51017,"Bath, VA",113.2
51019,"Bedford, VA*",85.8
51021,"Bland, VA",68.5
51023,"Botetourt, VA",92.3
51025,"Brunswick, VA",60
51027,"Buchanan, VA",66.5
51029,"Buckingham, VA",56.4
51033,"Caroline, VA",76.7
51036,"Charles City, VA",84.2
51037,"Charlotte, VA",66.1
51041,"Chesterfield, VA",98.6
51043,"Clarke, VA",123.3
51045,"Craig, VA",70.1
51047,"Culpeper, VA",85.4
51049,"Cumberland, VA",71.1
51051,"Dickenson, VA",59.4
51057,"Essex, VA",77.8
51061,"Fauquier, VA",130
51063,"Floyd, VA",71.5
51065,"Fluvanna, VA",82.1
51067,"Franklin, VA",74.9
51071,"Giles, VA",73.7
51073,"Gloucester, VA",92.8
51075,"Goochland, VA",184.7
51077,"Grayson, VA",60.6
51079,"Greene, VA",81.5
51083,"Halifax, VA",68.6
51085,"Hanover, VA",110.7
51087,"Henrico, VA",122.8
51091,"Highland, VA",84.7
51093,"Isle of Wight, VA",101.6
51097,"King and Queen, VA",79.6
51099,"King George, VA",97.3
51101,"King William, VA",85.6
51103,"Lancaster, VA",110.5
51105,"Lee, VA",55.7
51107,"Loudoun, VA",143.4
51109,"Louisa, VA",78
51111,"Lunenburg, VA",62
51113,"Madison, VA",89.7
51115,"Mathews, VA",103
51117,"Mecklenburg, VA",68.4
51119,"Middlesex, VA",94.1
51125,"Nelson, VA",93.2
51127,"New Kent, VA",129.9
51131,"Northampton, VA",90.6
51133,"Northumberland, VA",97.2
51135,"Nottoway, VA",64.1
51137,"Orange, VA",90
51139,"Page, VA",71.8
51141,"Patrick, VA",62.6
51145,"Powhatan, VA",104
51147,"Prince Edward, VA",58.6
51155,"Pulaski, VA",74.3
51157,"Rappahannock, VA",120.4
51159,"Richmond, VA",67.6
51167,"Russell, VA",61.5
51169,"Scott, VA",62
51171,"Shenandoah, VA",83.4
51173,"Smyth, VA",67.9
51179,"Stafford, VA",101.2
51181,"Surry, VA",85.2
51183,"Sussex, VA",57.6
51185,"Tazewell, VA",71.4
51187,"Warren, VA",85.9
51193,"Westmoreland, VA",79.3
51197,"Wythe, VA",65.4
51510,"Alexandria (Independent City), VA",161.6
51550,"Chesapeake (Independent City), VA",92.8
51650,"Hampton (Independent City), VA",80
51700,"Newport News (Independent City), VA",79.9
51710,"Norfolk (Independent City), VA",76.8
51740,"Portsmouth (Independent City), VA",75.6
51760,"Richmond (Independent City), VA",103.4
51770,"Roanoke (Independent City), VA",79.8
51800,"Suffolk (Independent City), VA",95.1
51810,"Virginia Beach (Independent City), VA",107.1
51901,"Albemarle + Charlottesville, VA*",137
51903,"Alleghany + Covington, VA*",73.6
51907,"Augusta, Staunton + Waynesboro, VA*",81.4
51911,"Campbell + Lynchburg, VA*",69.3
51913,"Carroll + Galax, VA*",66.2
51918,"Dinwiddie, Colonial Heights + Petersburg, VA*",74.1
51919,"Fairfax, Fairfax City + Falls Church, VA*",151.4
51921,"Frederick + Winchester, VA*",93.3
51923,"Greensville + Emporia, VA*",59.5
51929,"Henry + Martinsville, VA*",72.3
51931,"James City + Williamsburg, VA*",121
51933,"Montgomery + Radford, VA*",69.4
51939,"Pittsylvania + Danville, VA*",70.7
51941,"Prince George + Hopewell, VA*",71.2
51942,"Prince William, Manassas + Manassas Park, VA*",100.5
51944,"Roanoke + Salem, VA*",96
51945,"Rockbridge, Buena Vista + Lexington, VA*",74.1
51947,"Rockingham + Harrisonburg, VA*",73
51949,"Southampton + Franklin, VA*",77.8
51951,"Spotsylvania + Fredericksburg, VA*",93.3
51953,"Washington + Bristol, VA*",75.1
51955,"Wise + Norton, VA*",60.6
51958,"York + Poquoson, VA*",108.6
53001,"Adams, WA",78.6
53003,"Asotin, WA",86.5
53005,"Benton, WA",87.2
53007,"Chelan, WA",100.6
53009,"Clallam, WA",84.7
53011,"Clark, WA",98.1
53013,"Columbia, WA",92
53015,"Cowlitz, WA",82.6
53017,"Douglas, WA",76.2
53019,"Ferry, WA",66.3
53021,"Franklin, WA",68.7
53023,"Garfield, WA",81.8
53025,"Grant, WA",73.1
53027,"Grays Harbor, WA",74.3
53029,"Island, WA",102.3
53031,"Jefferson, WA",96.6
53033,"King, WA",166.1
53035,"Kitsap, WA",103.3
53037,"Kittitas, WA",78.2
53039,"Klickitat, WA",89.4
53041,"Lewis, WA",79.8
53043,"Lincoln, WA",85.1
53045,"Mason, WA",78.5
53047,"Okanogan, WA",78
53049,"Pacific, WA",76.7
53051,"Pend Oreille, WA",76.5
53053,"Pierce, WA",95.7
53055,"San Juan, WA",141
53057,"Skagit, WA",97.5
53059,"Skamania, WA",84.1
53061,"Snohomish, WA",102.6
53063,"Spokane, WA",85.3
53065,"Stevens, WA",72.6
53067,"Thurston, WA",94.9
53069,"Wahkiakum, WA",77.9
53071,"Walla Walla, WA",84.8
53073,"Whatcom, WA",89.6
53075,"Whitman, WA",75.2
53077,"Yakima, WA",79.7
54001,"Barbour, WV",59.3
54003,"Berkeley, WV",75.7
54005,"Boone, WV",61.7
54007,"Braxton, WV",58
54009,"Brooke, WV",76.7
54011,"Cabell, WV",78.9
54013,"Calhoun, WV",55.4
54015,"Clay, WV",56.8
54017,"Doddridge, WV",53
54019,"Fayette, WV",63.5
54021,"Gilmer, WV",53.1
54023,"Grant, WV",67.4
54025,"Greenbrier, WV",70
54027,"Hampshire, WV",64.4
54029,"Hancock, WV",77.4
54031,"Hardy, WV",62.7
54033,"Harrison, WV",88.6
54035,"Jackson, WV",70.1
54037,"Jefferson, WV",91.7
54039,"Kanawha, WV",89
54041,"Lewis, WV",74.7
54043,"Lincoln, WV",56.1
54045,"Logan, WV",67.1
54047,"McDowell, WV",55.9
54049,"Marion, WV",77.1
54051,"Marshall, WV",75.4
54053,"Mason, WV",61.2
54055,"Mercer, WV",68.8
54057,"Mineral, WV",71.3
54059,"Mingo, WV",58.9
54061,"Monongalia, WV",82.1
54063,"Monroe, WV",55.8
54065,"Morgan, WV",63.4
54067,"Nicholas, WV",62.6
54069,"Ohio, WV",119.6
54071,"Pendleton, WV",64.5
54073,"Pleasants, WV",80.6
54075,"Pocahontas, WV",70.1
54077,"Preston, WV",65.5
54079,"Putnam, WV",86.2
54081,"Raleigh, WV",75.5
54083,"Randolph, WV",67.1
54085,"Ritchie, WV",68.3
54087,"Roane, WV",63.9
54089,"Summers, WV",60.4
54091,"Taylor, WV",74.7
54093,"Tucker, WV",75.9
54095,"Tyler, WV",68.6
54097,"Upshur, WV",61.1
54099,"Wayne, WV",61.8
54101,"Webster, WV",51.1
54103,"Wetzel, WV",67.6
54105,"Wirt, WV",59.1
54107,"Wood, WV",78.4
54109,"Wyoming, WV",56
55001,"Adams, WI",71.1
55003,"Ashland, WI",75.5
55005,"Barron, WI",90.8
55007,"Bayfield, WI",89.2
55009,"Brown, WI",97
55011,"Buffalo, WI",82.2
55013,"Burnett, WI",78.4
55015,"Calumet, WI",93.3
55017,"Chippewa, WI",84.8
55019,"Clark, WI",73.9
55021,"Columbia, WI",93.9
55023,"Crawford, WI",76.2
55025,"Dane, WI",112.6
55027,"Dodge, WI",82.3
55029,"Door, WI",116
55031,"Douglas, WI",79
55033,"Dunn, WI",73.4
55035,"Eau Claire, WI",88.6
55037,"Florence, WI",99.8
55039,"Fond du Lac, WI",88.4
55041,"Forest, WI",76.3
55043,"Grant, WI",79.5
55045,"Green, WI",93.7
55047,"Green Lake, WI",84.8
55049,"Iowa, WI",88.3
55051,"Iron, WI",94.5
55053,"Jackson, WI",85.5
55055,"Jefferson, WI",84.9
55057,"Juneau, WI",69.6
55059,"Kenosha, WI",86.1
55061,"Kewaunee, WI",84.8
55063,"La Crosse, WI",92
55065,"Lafayette, WI",79.1
55067,"Langlade, WI",79.4
55069,"Lincoln, WI",84.1
55071,"Manitowoc, WI",87.6
55073,"Marathon, WI",92
55075,"Marinette, WI",80.8
55077,"Marquette, WI",75.6
55078,"Menominee, WI*",55.8
55079,"Milwaukee, WI",87.4
55081,"Monroe, WI",76.7
55083,"Oconto, WI",83.8
55085,"Oneida, WI",95
55087,"Outagamie, WI",94.1
55089,"Ozaukee, WI",154.3
55091,"Pepin, WI",88.1
55093,"Pierce, WI",84.4
55095,"Polk, WI",85.4
55097,"Portage, WI",84.3
55099,"Price, WI",83.2
55101,"Racine, WI",91.4
55103,"Richland, WI",79.4
55105,"Rock, WI",81.2
55107,"Rusk, WI",81.2
55109,"St. Croix, WI",102
55111,"Sauk, WI",88.8
55113,"Sawyer, WI",84.3
55115,"Shawano, WI*",77.7
55117,"Sheboygan, WI",97.1
55119,"Taylor, WI",71.7
55121,"Trempealeau, WI",82.1
55123,"Vernon, WI",74.1
55125,"Vilas, WI",99.1
55127,"Walworth, WI",91.9
55129,"Washburn, WI",86.7
55131,"Washington, WI",107.6
55133,"Waukesha, WI",133.4
55135,"Waupaca, WI",83.8
55137,"Waushara, WI",75.7
55139,"Winnebago, WI",88.3
55141,"Wood, WI",85.9
55901,"Shawano (includes Menominee), WI*",(NA)
56001,"Albany, WY",74.3
56003,"Big Horn, WY",67.8
56005,"Campbell, WY",97
56007,"Carbon, WY",107.2
56009,"Converse, WY",101
56011,"Crook, WY",84.6
56013,"Fremont, WY",80.1
56015,"Goshen, WY",79.6
56017,"Hot Springs, WY",101.4
56019,"Johnson, WY",94.2
56021,"Laramie, WY",95.6
56023,"Lincoln, WY",79.1
56025,"Natrona, WY",127.4
56027,"Niobrara, WY",94.3
56029,"Park, WY",99.7
56031,"Platte, WY",89
56033,"Sheridan, WY",106.9
56035,"Sublette, WY",94.3
56037,"Sweetwater, WY",97.6
56039,"Teton, WY",462.3
56041,"Uinta, WY",74
56043,"Washakie, WY",88.5
56045,"Weston, WY",82.2
Legend / Footnotes:,,
2/ Per capita personal income was computed using Census Bureau midyear population estimates. Estimates for 2010-2018 reflect county population estimates available as of March 2019.,,
"* Cibola, NM was separated from Valencia in June 1981, but in these estimates, Valencia includes Cibola through the end of 1981.",,
"* La Paz County, AZ was separated from Yuma County on January 1, 1983. The Yuma, AZ MSA contains the area that became La Paz County, AZ through 1982 and excludes it beginning with 1983.",,
"* Broomfield County, CO, was created from parts of Adams, Boulder, Jefferson, and Weld counties effective November 15, 2001. Estimates for Broomfield county begin with 2002.",,
"* Shawano, WI and Menominee, WI are combined as Shawano (incl. Menominee), WI for the years prior to 1989.",,
"* Estimates for 1979 forward reflect Alaska Census Areas as defined by the Census Bureau; those for prior years reflect Alaska Census Divisions as defined in the 1970 Decennial Census. Estimates from 1988 forward separate Aleutian Islands Census Area into Aleutians East Borough and Aleutians West Census Area. Estimates for 1991 forward separate Denali Borough from Yukon-Koyukuk Census Area and Lake and Peninsula Borough from Dillingham Census Area. Estimates from 1993 forward separate Skagway-Yakutat-Angoon Census Area into Skagway-Hoonah-Angoon Census Area and Yakutat Borough. Estimates from 2008 forward separate Skagway-Hoonah-Angoon Census Area into Skagway Municipality and Hoonah-Angoon Census Area. Estimates from 2009 forward separate Wrangell-Petersburg Census Area into Petersburg Census Area and Wrangell City and Borough. In addition, a part of the Prince of Wales-Outer Ketchikan Census Area was annexed by Ketchikan Gateway Borough and part (Meyers Chuck Area) was included in the new Wrangell City and Borough. The remainder of the Prince of Wales-Outer Ketchikan Census Area was renamed Prince of Wales-Hyder Census Area. Petersburg Borough was created from part of former Petersburg Census Area and part of Hoonah-Angoon Census Area for 2013 forward. Prince of Wales-Hyder Census Area added part of the former Petersburg Census Area beginning in 2013. For years 2009-2012, Petersburg Borough reflects the geographic boundaries of the former Petersburg Census Area. Wade Hampton Census Area was renamed Kusilvak Census Area on July 1, 2015.",,
"* Virginia combination areas consist of one or two independent cities with 1980 populations of less than 100,000 combined with an adjacent county. The county name appears first, followed by the city name(s). Separate estimates for the jurisdictions making up the combination area are not available. Bedford County, VA includes the independent city of Bedford for all years.",,
"* Shannon County, SD was renamed to Oglala Lakota County, SD on May 1, 2015.",,
"* Kalawao County, Hawaii is combined with Maui County. Separate estimates for the jurisdictions making up the combination areas are not available.",,
"Metropolitan Areas are defined (geographically delineated) by the Office of Management and Budget bulletin no. 18-04 issued September 14, 2018.",,
Note-- All dollar estimates are in thousands of current dollars (not adjusted for inflation). Calculations are performed on unrounded data.,,
(NA) Not available.,,
"Last updated: November 14, 2019-- new statistics for 2018; revised statistics for 1969-2017.",,